Updated On,State,Total Tested,Positive,Negative,Unconfirmed,Total People In Quarantine,Total People Released From Quarantine,Num Isolation Beds,Num ICU Beds,Num Ventilators,Num Calls State Helpline,Source,Source2,Test positivity rate,Tests per thousand
17/04/2020,Andaman and Nicobar Islands,1403,12,1210,181,,,50,,,,https://t.me/indiacovid/2550,,0.86%,
18/04/2020,Andaman and Nicobar Islands,,,,,,,,,,,,,,
19/04/2020,Andaman and Nicobar Islands,,,,,,,,,,,,,,
20/04/2020,Andaman and Nicobar Islands,2020,16,1807,197,,,50,,,,https://twitter.com/BollyNumbers/status/1252639188316327936?s=09,,0.79%,
21/04/2020,Andaman and Nicobar Islands,,,,,,,,,,,,,,
22/04/2020,Andaman and Nicobar Islands,2304,18,2171,115,,,50,,,,https://twitter.com/BollyNumbers/status/1253252582035927041?s=20,,,
23/04/2020,Andaman and Nicobar Islands,2537,22,2355,160,,,,,,,https://twitter.com/BollyNumbers/status/1253687405564944391/photo/1,,,
24/04/2020,Andaman and Nicobar Islands,,,,,,,,,,,,,,
25/04/2020,Andaman and Nicobar Islands,,,,,,,,,,,,,,
02/04/2020,Andhra Pradesh,1800,132,1175,493,179,,23479,2680,330,,https://twitter.com/ArogyaAndhra/status/1245580598938198016?s=20,,7.33%,
10/04/2020,Andhra Pradesh,6374,365,6009,,,,,,,,http://hmfw.ap.gov.in/covid_dashboard.aspx,,5.73%,
11/04/2020,Andhra Pradesh,6958,381,6577,,,,,,,,http://hmfw.ap.gov.in/covid_dashboard.aspx,,5.48%,
12/04/2020,Andhra Pradesh,6958,405,6553,,,,,,,,http://hmfw.ap.gov.in/covid_dashboard.aspx,,5.82%,
13/04/2020,Andhra Pradesh,8755,432,8323,,,,,,,,http://hmfw.ap.gov.in/covid_dashboard.aspx,,4.93%,
14/04/2020,Andhra Pradesh,10505,473,10032,,,,,,,,http://hmfw.ap.gov.in/covid_dashboard.aspx,,4.50%,
15/04/2020,Andhra Pradesh,11613,525,11088,,,,,,,,http://hmfw.ap.gov.in/covid_dashboard.aspx,,4.52%,
16/04/2020,Andhra Pradesh,20235,534,19701,,,,,,,,http://hmfw.ap.gov.in/covid_dashboard.aspx,,2.64%,
17/04/2020,Andhra Pradesh,20235,572,,,,,,,,,http://hmfw.ap.gov.in/covid_dashboard.aspx,https://t.me/indiacovid/2474,2.83%,
18/04/2020,Andhra Pradesh,21450,603,20487,,,,,,,,http://hmfw.ap.gov.in/covid_dashboard.aspx,,2.81%,
19/04/2020,Andhra Pradesh,26958,647,26311,,,,,,,,http://hmfw.ap.gov.in/covid_dashboard.aspx,,2.40%,
20/04/2020,Andhra Pradesh,30733,722,30011,,,,,,,,http://hmfw.ap.gov.in/covid_dashboard.aspx,,2.35%,
21/04/2020,Andhra Pradesh,35755,757,34998,,,,,,,,http://hmfw.ap.gov.in/covid_dashboard.aspx,,2.12%,
22/04/2020,Andhra Pradesh,41512,813,40699,,,,,,,,http://hmfw.ap.gov.in/covid_dashboard.aspx,,1.96%,
23/04/2020,Andhra Pradesh,48032,893,47139,,,,,,,,http://hmfw.ap.gov.in/covid_dashboard.aspx,,1.86%,
24/04/2020,Andhra Pradesh,54338,955,53383,,,,,,,,http://hmfw.ap.gov.in/covid_dashboard.aspx,,,
25/04/2020,Andhra Pradesh,,,,,,,,,,,,,,
09/04/2020,Arunachal Pradesh,206,1,185,20,,,,,,,https://twitter.com/PemaKhanduBJP/status/1248269356070363136?s=19,,0.49%,
14/04/2020,Arunachal Pradesh,280,1,250,29,,,,,,,https://twitter.com/PemaKhanduBJP/status/1249901653634867200,,0.36%,
17/04/2020,Arunachal Pradesh,363,1,338,25,,,,,,,https://twitter.com/PemaKhanduBJP/status/1251136883045752834,,0.28%,
18/04/2020,Arunachal Pradesh,389,1,358,31,,,,,,,https://twitter.com/PemaKhanduBJP/status/1251485238477221889,,0.26%,
19/04/2020,Arunachal Pradesh,,,,,,,,,,,,,,
20/04/2020,Arunachal Pradesh,439,1,405,34,,,,,,,https://twitter.com/ANI/status/1252454869983608832?s=09,,0.23%,
21/04/2020,Arunachal Pradesh,454,1,433,19,,,,,,,http://covid19.itanagarsmartcity.in/covidstatus.php,,0.22%,
22/04/2020,Arunachal Pradesh,496,2,441,53,,,,,,,http://covid19.itanagarsmartcity.in/covidstatus.php,,0.40%,
23/04/2020,Arunachal Pradesh,526,2,508,16,,,,,,,http://covid19.itanagarsmartcity.in/covidstatus.php,,0.38%,
02/04/2020,Assam,962,16,819,127,,,,,,,https://twitter.com/nhm_assam/status/1245742375319691264/photo/1,,1.66%,
05/04/2020,Assam,,,,,,,,,,,,,,
10/04/2020,Assam,2863,29,2685,,,,3212,440,240,9245,https://t.me/indiacovid/2003?single,,1.01%,
11/04/2020,Assam,3011,29,2842,,,,3212,440,240,9514,https://t.me/indiacovid/2075?single,,0.96%,
12/04/2020,Assam,3138,29,2973,194,,,3212,440,240,9845,https://t.me/indiacovid/2146?single,,0.92%,
13/04/2020,Assam,,,,,,,,,,,,,,
14/04/2020,Assam,3491,31,3267,193,10022,,3212,440,240,10615,https://twitter.com/nhm_assam/status/1250104916535726081/photo/1,,0.89%,
15/04/2020,Assam,3613,32,3492,89,,,3212,440,240,10915,https://twitter.com/nhm_assam/status/1250441490418950148/photo/1,https://twitter.com/nhm_assam/status/1250441490418950148/photo/2,0.89%,
16/04/2020,Assam,4108,34,3803,,,,3338,440,303,11248,https://twitter.com/nhm_assam/status/1250836057853067264?s=20,,0.83%,
17/04/2020,Assam,4236,34,4024,,,,3338,440,303,11561,https://twitter.com/nhm_assam/status/1251154796444184578,,0.80%,
18/04/2020,Assam,4400,34,4199,,,,3338,440,303,11847,https://twitter.com/nhm_assam,,0.77%,
19/04/2020,Assam,4865,34,4584,,,,3338,440,303,12148,https://twitter.com/nhm_assam/status/1251891980939825153/photo/1,,0.70%,
20/04/2020,Assam,5112,34,4937,,,,3338,440,303,12478,https://twitter.com/nhm_assam/status/1252256054907461632,,0.67%,
21/04/2020,Assam,5514,34,5245,,,,3338,440,303,12853,https://twitter.com/nhm_assam/status/1252591349670576128,,0.62%,
22/04/2020,Assam,,,,,,,,,,,,,,
23/04/2020,Assam,,,,,,,,,,,,,0.52%,
24/04/2020,Assam,,,,,,,,,,,,,,
25/04/2020,Assam,6680,35,6391,,,,3338,440,303,14478,https://twitter.com/nhm_assam/status/1253714714485538817,,,
05/04/2020,Bihar,3037,32,2299,706,,,,,,,https://twitter.com/sanjayjavin/status/1246667952054665216,,1.05%,
05/04/2020,Bihar,3037,32,2299,706,,,,,,,,,1.05%,
08/04/2020,Bihar,4596,38,,465,,,,,,,https://twitter.com/sanjayjavin/status/1247762894063677440,,0.83%,
09/04/2020,Bihar,4991,43,,394,,,,,,,https://twitter.com/BiharHealthDept/status/1248176830856626176/photo/1,,0.86%,
10/04/2020,Bihar,5457,60,,673,,,,,,,https://twitter.com/BiharHealthDept/status/1248494623409885184/photo/1,,1.10%,
11/04/2020,Bihar,6250,61,,,832,,2344,116,50,51075,https://twitter.com/BiharHealthDept/status/1248845966158905345?s=19,https://twitter.com/BiharHealthDept/status/1248964845371674625?s=09,0.98%,
12/04/2020,Bihar,6703,64,,618,,,2344,116,50,,https://twitter.com/sanjayjavin/status/1249203228178296832?s=20,,0.95%,
13/04/2020,Bihar,7263,65,,41,,,2344,116,50,,https://t.me/indiacovid/2178?single,,0.89%,
14/04/2020,Bihar,7727,62,,472,,,2344,116,50,,https://twitter.com/sanjayjavin/status/1249928292519432192?s=09,,0.80%,
15/04/2020,Bihar,8263,66,,565,,,2344,116,50,40380,https://twitter.com/sanjayjavin/status/1250296101350957058?s=09,https://twitter.com/SHSBihar/status/1250345699780096001?s=09,0.80%,
16/04/2020,Bihar,8846,72,,607,,,2344,116,50,,https://twitter.com/BiharHealthDept/status/1250667064571785216?s=09,,0.81%,
17/04/2020,Bihar,9486,83,,510,,,2344,116,50,,https://twitter.com/sanjayjavin/status/1251023696354881537,,0.87%,
18/04/2020,Bihar,10130,85,,512,735,,2344,116,50,43152,https://twitter.com/BiharHealthDept/status/1251491112855973895,https://twitter.com/SHSBihar/status/1251437221179060224?s=09,0.84%,
19/04/2020,Bihar,10745,92,,644,700,,2344,116,50,,https://t.me/indiacovid/2664?single,,0.86%,
20/04/2020,Bihar,11319,96,,490,802,,2344,116,50,,https://twitter.com/BiharHealthDept/status/1252218091712524289,,0.85%,
21/04/2020,Bihar,11999,115,,998,693,,2344,116,50,,https://twitter.com/BiharHealthDept/status/1252564363044704256,,0.96%,
22/04/2020,Bihar,12978,136,,1005,748,,2344,116,50,,https://mobile.twitter.com/BiharHealthDept/status/1252933211488993280,,1.05%,
23/04/2020,Bihar,13785,148,,1240,768,,2344,116,50,,https://twitter.com/BiharHealthDept/status/1253330396726480901?s=19,,1.07%,
24/04/2020,Bihar,14924,176,,1000,,,,,,,https://twitter.com/sanjayjavin/status/1253554587811774465?s=19,,1.18%,
25/04/2020,Bihar,,,,,,,,,,,,,,
26/04/2020,Bihar,,,,,,,,,,,,,,
02/04/2020,Chandigarh,124,18,98,8,,,,,,,http://chdcovid19.in/,,14.52%,
08/04/2020,Chandigarh,184,18,162,,,,,,,,http://chdcovid19.in/,,9.78%,
10/04/2020,Chandigarh,223,19,199,4,,,,,,,http://chdcovid19.in/,,8.52%,
11/04/2020,Chandigarh,264,19,223,21,,,,,,,http://chdcovid19.in,,7.20%,
12/04/2020,Chandigarh,279,21,247,10,,,,,,,http://chdcovid19.in/,,7.53%,
13/04/2020,Chandigarh,296,21,263,11,,,,,,,http://chdcovid19.in,,7.09%,
14/04/2020,Chandigarh,309,21,285,2,,,,,,,http://chdcovid19.in,,6.80%,
15/04/2020,Chandigarh,317,21,293,2,,,,,,,http://chdcovid19.in,,6.62%,
16/04/2020,Chandigarh,337,21,315,0,,,,,,,https://twitter.com/ANI/status/1250765375874072578?s=09,,6.23%,
17/04/2020,Chandigarh,358,21,335,1,,,,,,,http://chdcovid19.in/,,5.87%,
18/04/2020,Chandigarh,381,23,348,9,,,,,,,http://chdcovid19.in/,,6.04%,
19/04/2020,Chandigarh,430,26,388,15,,,,,,,http://chdcovid19.in/,,6.05%,
20/04/2020,Chandigarh,453,26,417,9,,,,,,,http://chdcovid19.in/,,5.74%,
21/04/2020,Chandigarh,497,27,445,24,,,,,,,https://twitter.com/ANI/status/1252589665518936064/photo/1,,5.43%,
22/04/2020,Chandigarh,529,27,492,9,,,,,,,http://chdcovid19.in/,,5.10%,
23/04/2020,Chandigarh,599,27,557,14,,,,,,,http://chdcovid19.in/,,4.51%,
24/04/2020,Chandigarh,638,27,603,7,,,,,,,http://chdcovid19.in/,,,
25/04/2020,Chandigarh,,,,,,,,,,,,,,
02/04/2020,Chhattisgarh,1232,9,921,302,,,,,,,http://www.cghealth.nic.in/cghealth17/,,0.73%,
10/04/2020,Chhattisgarh,3473,18,3322,133,,,,,,,http://cghealth.nic.in/cghealth17/Information/content/CORONA/MediaBulletinHINDI_10042020.pdf,,0.52%,
11/04/2020,Chhattisgarh,3858,18,3503,337,,,,,,,http://cghealth.nic.in/cghealth17/Information/content/CORONA/RevisedMediaBulletinHINDI_11042020.pdf,,0.47%,
12/04/2020,Chhattisgarh,3945,31,3856,58,,,,,,,http://cghealth.nic.in/cghealth17/,http://cghealth.nic.in/cghealth17/Information/content/CORONA/MediaBulletinHINDI_12042020.pdf,0.79%,
13/04/2020,Chhattisgarh,4377,31,3969,377,,,,,,,http://cghealth.nic.in/cghealth17/Information/content/CORONA/MediaBulletinHINDI_13042020.pdf,,0.71%,
14/04/2020,Chhattisgarh,4812,33,4319,469,,,,,,,http://cghealth.nic.in/cghealth17/Information/content/CORONA/MediaBulletinHINDI_14042020.pdf,,0.69%,
15/04/2020,Chhattisgarh,5122,33,4878,211,,,,,,,http://cghealth.nic.in/cghealth17/Information/content/CORONA/MediaBulletinHINDI_15042020.pdf,,0.64%,
16/04/2020,Chhattisgarh,5519,33,5168,318,,,,,,,http://cghealth.nic.in/cghealth17/Information/content/CORONA/MediaBulletinHINDI_16042020.pdf,,0.60%,
17/04/2020,Chhattisgarh,5776,36,5484,256,,,,,,,http://cghealth.nic.in/cghealth17/Information/content/CORONA/MediaBulletinHINDI_18042020.pdf,,0.62%,
18/04/2020,Chhattisgarh,5776,36,5484,256,,,,,,,http://cghealth.nic.in/cghealth17/Information/content/CORONA/mediaBulletinHindi_18042020.pdf,,0.62%,
19/04/2020,Chhattisgarh,6675,36,6086,553,,,,,,,http://cghealth.nic.in/cghealth17/Information/content/CORONA/mediaBulletinHindi_19042020.pdf,,0.54%,
20/04/2020,Chhattisgarh,7601,36,7029,536,,,,,,,http://cghealth.nic.in/cghealth17/Information/content/CORONA/MediaBulletinHindi_20042020.pdf,,0.47%,
21/04/2020,Chhattisgarh,8272,36,7555,681,,,,,,,http://cghealth.nic.in/cghealth17/,,0.44%,
22/04/2020,Chhattisgarh,9220,36,8296,888,,,,,,,http://cghealth.nic.in/cghealth17/,,0.39%,
23/04/2020,Chhattisgarh,10346,36,9206,1104,,,,,,,http://cghealth.nic.in/cghealth17/Information/content/CORONA/MediaBulletinHindi_23042020.pdf,,0.35%,
24/04/2020,Chhattisgarh,,,,,,,,,,,,,,
25/04/2020,Chhattisgarh,,,,,,,,,,,,,,
01/04/2020,Delhi,2621,,,2621,,,,,,,http://health.delhigovt.nic.in/wps/wcm/connect/068e55804dc3527fb23cf7982ee7a5c7/HB01A.pdf?MOD=AJPERES&lmod=908572962&CACHEID=068e55804dc3527fb23cf7982ee7a5c7,,0.00%,
07/04/2020,Delhi,9041,576,7308,1157,3120,,,,,,http://health.delhigovt.nic.in/wps/wcm/connect/ed4d3d804dd60b488b60ff982ee7a5c7/HB07A.pdf?MOD=AJPERES&lmod=1435478287&CACHEID=ed4d3d804dd60b488b60ff982ee7a5c7,,6.37%,
09/04/2020,Delhi,9968,720,8643,605,2664,,,,,,http://health.delhigovt.nic.in/wps/wcm/connect/doit_health/Health/Home/Covid19/Health+Bulletin,http://health.delhigovt.nic.in/wps/wcm/connect/22522a804ddd430195f5f7d194e333e1/HB09A.pdf,7.22%,
10/04/2020,Delhi,11061,903,9662,496,,,,,,,https://twitter.com/CMODelhi/status/1248629695614046209?s=09,,8.16%,
11/04/2020,Delhi,11709,1069,10218,464,,,,,,,https://twitter.com/CMODelhi/status/1248998630888845313?s=19,,9.13%,
12/04/2020,Delhi,14036,1154,11748,984,,,,,,,https://twitter.com/CMODelhi/status/1249350539973812224,,8.22%,
13/04/2020,Delhi,15032,1510,12283,1008,,,,,,,https://twitter.com/CMODelhi/status/1249744159491031047/photo/2,,10.05%,
14/04/2020,Delhi,16282,1561,13748,715,,,,,,,https://twitter.com/CMODelhi/status/1250087698011803648/photo/2,,9.59%,
15/04/2020,Delhi,16605,1578,13865,956,,,,,,,https://twitter.com/CMODelhi/status/1250468383868350469?s=19,,9.50%,
16/04/2020,Delhi,18784,1640,14692,2251,,,,,,,https://twitter.com/CMODelhi/status/1250830372830470145?s=20,,8.73%,
17/04/2020,Delhi,21409,1707,16899,2674,,,,,,,https://twitter.com/CMODelhi/status/1251190807106777089/photo/2,,7.97%,
18/04/2020,Delhi,22283,1893,17449,2799,,,,,,,https://twitter.com/CMODelhi/status/1251559869494198282?s=19,,8.50%,
19/04/2020,Delhi,24387,2003,19393,2872,,,,,,,https://twitter.com/CMODelhi/status/1251923081699811328?s=09,,8.21%,
20/04/2020,Delhi,25900,2081,20712,2711,,,,,,,https://twitter.com/CMODelhi/status/1252276384166100994/photo/2,,8.03%,
21/04/2020,Delhi,26627,2156,21810,2354,,,,,,,https://twitter.com/CMODelhi/status/1252608476578078721/photo/2,,8.10%,
22/04/2020,Delhi,28309,2248,22713,3018,,,,,,,https://twitter.com/CMODelhi/status/1252978551088984066/photo/2,,7.94%,
23/04/2020,Delhi,30560,2375,24538,3068,,,,,,,https://twitter.com/CMODelhi/status/1253345233498226689?s=19,,7.77%,
24/04/2020,Delhi,33672,2514,26552,4128,,,,,,,https://twitter.com/CMODelhi/status/1253715491987664897/photo/2,,,
25/04/2020,Delhi,,,,,,,,,,,,,,
02/04/2020,Goa,220,5,197,18,,,,,,,https://www.goa.gov.in/wp-content/uploads/2020/04/Media-Bulletin-02.04.2020.pdf,,2.27%,
09/04/2020,Goa,344,7,,,,,,,,,https://twitter.com/dip_goa/status/1248237654258352129?s=09,,2.03%,
10/04/2020,Goa,354,7,,,,,,,,,https://twitter.com/DHS_Goa/status/1248609175241764872/photo/1,,1.98%,
11/04/2020,Goa,,,,,,,,,,,,,,
12/04/2020,Goa,406,7,,,141,,,,,,https://twitter.com/DHS_Goa/status/1249332036751347713,,1.72%,
13/04/2020,Goa,440,7,,,,,,,,,https://t.me/indiacovid/2180,,1.59%,
14/04/2020,Goa,479,7,,,,,,,,,https://t.me/indiacovid/2280,,1.46%,
15/04/2020,Goa,556,7,,,,,,,,,https://twitter.com/DHS_Goa/status/1250412621158690818?s=19,,1.26%,
16/04/2020,Goa,611,7,,,,,,,,,https://twitter.com/DHS_Goa/status/1250772892956028930?s=19,,1.15%,
17/04/2020,Goa,673,7,,,,,,,,,https://twitter.com/DHS_Goa/status/1251147496824303620,,1.04%,
18/04/2020,Goa,758,7,,,,,,,,,https://twitter.com/DHS_Goa/status/1251500960444104704,,0.92%,
19/04/2020,Goa,826,7,,,,,,,,,https://twitter.com/DHS_Goa/status/1251858305669980160,,0.85%,
20/04/2020,Goa,901,7,,,,,,,,,https://twitter.com/DHS_Goa/status/1252228312107118593,,0.78%,
21/04/2020,Goa,1004,7,,,,,,,,,https://twitter.com/DHS_Goa/status/1252606575077847040,,0.70%,
22/04/2020,Goa,1116,7,,,,,,,,,https://twitter.com/DHS_Goa/status/1253201084950016000?s=19,,0.63%,
23/04/2020,Goa,1206,7,,,,,,,,,https://twitter.com/DHS_Goa/status/1253330859903479814,,0.58%,
24/04/2020,Goa,,,,,,,,,,,,,,
25/04/2020,Goa,,,,,,,,,,,,,,
08/04/2020,Gujarat,4224,186,3905,133,12299,,,,1761,,https://t.me/indiacovid/1850?single,,4.40%,
09/04/2020,Gujarat,,,,,,,,,,,https://gujcovid19.gujarat.gov.in/uploads/pressbrief0904092020080952519.pdf,,,
10/04/2020,Gujarat,7718,378,7237,103,,,,,,,https://t.me/indiacovid/1994?single,,4.90%,
11/04/2020,Gujarat,9763,468,8888,407,12042,,,,,,https://gujcovid19.gujarat.gov.in/,,4.79%,
12/04/2020,Gujarat,11715,516,10867,332,14013,,,,,,https://gujcovid19.gujarat.gov.in/uploads/pressbrief1204122020080245240.pdf,https://gujcovid19.gujarat.gov.in/,4.40%,
13/04/2020,Gujarat,14251,572,12970,709,14,14204,,,,,https://gujcovid19.gujarat.gov.in/,https://gujcovid19.gujarat.gov.in/uploads/pressbrief1304132020080356644.pdf,4.01%,
14/04/2020,Gujarat,14980,617,14363,,,,,,,41112,https://gujcovid19.gujarat.gov.in/,https://gujcovid19.gujarat.gov.in/uploads/pressbrief1404142020112010574.pdf,4.12%,
15/04/2020,Gujarat,19197,766,18431,0,15147,,,,,,https://t.me/indiacovid/2364?single,,3.99%,
16/04/2020,Gujarat,20903,929,19974,0,14906,,,,,,https://gujcovid19.gujarat.gov.in/uploads/pressbrief1604162020113223580.pdf,,4.44%,
17/04/2020,Gujarat,23483,1099,22339,45,15914,,,,,,https://gujcovid19.gujarat.gov.in/uploads/pressbrief1704172020075526411.pdf,,4.68%,
18/04/2020,Gujarat,26102,1376,24726,0,16925,,,,,,https://twitter.com/PIBAhmedabad/status/1251515915323289601,,5.27%,
19/04/2020,Gujarat,29104,1743,27361,0,18540,,,,,,https://gujcovid19.gujarat.gov.in/uploads/pressbrief1904192020081511588.pdf,,5.99%,
20/04/2020,Gujarat,33316,1939,31377,0,23749,,,,,,https://gujcovid19.gujarat.gov.in/uploads/pressbrief2004202020085436665.pdf,,5.82%,
21/04/2020,Gujarat,36829,2178,34651,0,30354,,,,,,https://gujcovid19.gujarat.gov.in/uploads/pressbrief2104212020084254089.pdf,,5.91%,
22/04/2020,Gujarat,39421,2407,37014,0,32317,,,,,,https://gujcovid19.gujarat.gov.in/uploads/pressbrief2204222020082020535.pdf,https://gujcovid19.gujarat.gov.in/,6.11%,
23/04/2020,Gujarat,42384,2624,39760,0,34409,,,,,53060,https://gujcovid19.gujarat.gov.in/uploads/pressbrief2304232020085856435.pdf,,6.19%,
24/04/2020,Gujarat,,,,,,,,,,,,,,
25/04/2020,Gujarat,,,,,,,,,,,,,,
03/04/2020,Haryana,1325,44,938,343,,,,,,,http://www.nhmharyana.gov.in/WriteReadData/userfiles/file/CoronaVirus/BULLETIN%20EVENING03042020.pdf,,3.32%,
07/04/2020,Haryana,2520,141,1821,558,687,,,,,,http://www.nhmharyana.gov.in/WriteReadData/userfiles/file/CoronaVirus/bulletin%2008042020Morning.pdf,,5.60%,
08/04/2020,Haryana,2650,153,1885,612,545,,8649,,,,http://www.nhmharyana.gov.in/WriteReadData/userfiles/file/CoronaVirus/bulletin%2008042020%20evening.pdf,,5.77%,
09/04/2020,Haryana,2964,156,2017,719,799,,,,,,http://www.nhmharyana.gov.in/WriteReadData/userfiles/file/CoronaVirus/bulletin%2009042020evening.pdf,,5.26%,
10/04/2020,Haryana,3527,162,2447,918,914,,,,,,http://www.nhmharyana.gov.in/WriteReadData/userfiles/file/CoronaVirus/bulletin%2010042020%20evening.pdf,,4.59%,
11/04/2020,Haryana,3663,165,2472,1026,,,,,,,https://t.me/indiacovid/2051,,4.50%,
12/04/2020,Haryana,3903,181,2513,1209,,,,,,,http://www.nhmharyana.gov.in/WriteReadData/userfiles/file/CoronaVirus/Bulletin12042020%20evening.pdf,,4.64%,
13/04/2020,Haryana,4489,182,2961,1346,,,,,,,http://www.nhmharyana.gov.in/WriteReadData/userfiles/file/CoronaVirus/bulletin%201342020%20Evening.pdf,http://www.nhmharyana.gov.in/page.aspx?id=208,4.05%,
14/04/2020,Haryana,5210,184,3681,1345,,,,,,,http://www.nrhmhp.gov.in/,http://www.nhmharyana.gov.in/page.aspx?id=208,3.53%,
15/04/2020,Haryana,7388,190,5581,1617,,,,,,,http://www.nhmharyana.gov.in/WriteReadData/userfiles/file/CoronaVirus/Bulletin%20date%2015042020evening.pdf,,2.57%,
16/04/2020,Haryana,8064,214,6465,1408,,,,,,,http://www.nhmharyana.gov.in/WriteReadData/userfiles/file/CoronaVirus/Bulletin%2016-04-2020%20Evening.pdf,,2.65%,
17/04/2020,Haryana,8884,223,7148,1527,,,,,,,http://www.nhmharyana.gov.in/WriteReadData/userfiles/file/CoronaVirus/Bulletin17_04_2020_Evening.pdf,,2.51%,
18/04/2020,Haryana,10454,232,8093,2143,,,,,,,http://www.nhmharyana.gov.in/WriteReadData/userfiles/file/CoronaVirus/Bulletin%20-Morning-%2018-04-2020.pdfhttp://www.nhmharyana.gov.in/WriteReadData/userfiles/file/CoronaVirus/Bulletin%20Evening%2018-04-2020.pdf,,2.22%,
19/04/2020,Haryana,12687,250,10230,2221,,,,,,,http://www.nhmharyana.gov.in/WriteReadData/userfiles/file/CoronaVirus/Media%20Bulletin%2019th%20Aprilevening.pdf,,1.97%,
20/04/2020,Haryana,13894,251,11523,2134,,,,,,,http://www.nhmharyana.gov.in/WriteReadData/userfiles/file/CoronaVirus/Evening%20Bulletin%2020-04-2020.pdf,,1.81%,
21/04/2020,Haryana,14562,255,12253,2068,,,,,,,http://www.nhmharyana.gov.in/WriteReadData/userfiles/file/CoronaVirus/Evening%20Bulletin%2021-04-2020.pdf,,1.75%,
22/04/2020,Haryana,15561,264,13397,1914,,,,,,,http://www.nhmharyana.gov.in/WriteReadData/userfiles/file/CoronaVirus/Evening%20Bulletin%2022-04-2020.pdf,,1.70%,
23/04/2020,Haryana,17582,270,15452,1860,,,,,,,http://www.nhmharyana.gov.in/WriteReadData/userfiles/file/CoronaVirus/Evening%20Bulletin%2023-04-2020.pdf,,1.54%,
24/04/2020,Haryana,18845,275,16642,1928,,,,,,,http://www.nhmharyana.gov.in/WriteReadData/userfiles/file/CoronaVirus/Evening%20Bulletin%2024-04-2020.pdf,,,
25/04/2020,Haryana,,,,,,,,,,,,,,
10/04/2020,Himachal Pradesh,900,30,870,,,,,,,,https://twitter.com/nhm_hp/status/1248648731374714880,,3.33%,
11/04/2020,Himachal Pradesh,900,30,870,0,,,,,,,http://www.nrhmhp.gov.in/,,3.33%,
12/04/2020,Himachal Pradesh,1113,32,944,137,,,,,,,https://twitter.com/nhm_hp/status/1249299563308974085?s=09,,2.88%,
13/04/2020,Himachal Pradesh,1210,32,1109,69,,,,,,,https://twitter.com/ANI/status/1249664611621703680?s=09,,2.64%,
14/04/2020,Himachal Pradesh,1311,32,1232,47,,,,,,,https://twitter.com/nhm_hp/status/1250095208496132096/photo/1,,2.44%,
15/04/2020,Himachal Pradesh,1426,35,1391,0,,,,,,,https://twitter.com/nhm_hp/status/1250447162388824064?s=19,,2.45%,
16/04/2020,Himachal Pradesh,1604,35,1559,10,,,,,,,https://twitter.com/nhm_hp/status/1250826722766761986?s=09,,2.18%,
17/04/2020,Himachal Pradesh,1992,36,1740,216,,,,,,,https://twitter.com/nhm_hp/status/1251189060976037890/photo/1,,1.81%,
18/04/2020,Himachal Pradesh,2207,39,2091,77,,,,,,,https://twitter.com/nhm_hp/status/1251554269267779584?s=19,,1.77%,
19/04/2020,Himachal Pradesh,2553,39,2337,177,,,,,,,https://twitter.com/nhm_hp/status/1251902095738810368?s=19,,1.53%,
20/04/2020,Himachal Pradesh,2892,39,2714,139,,,,,,,https://twitter.com/nhm_hp/status/1252268502104313856/photo/1,,1.35%,
21/04/2020,Himachal Pradesh,3341,39,2933,369,,,,,,,https://twitter.com/nhm_hp/status/1252581823864946690,,1.17%,
22/04/2020,Himachal Pradesh,3700,39,3510,151,,,,,,,https://twitter.com/nhm_hp/status/1253011070173798402?s=09,,1.05%,
23/04/2020,Himachal Pradesh,4020,40,3943,37,,,,,,,https://twitter.com/nhm_hp/status/1253364412880019456?s=19,,1.00%,
24/04/2020,Himachal Pradesh,4328,40,4160,128,,,,,,,https://twitter.com/nhm_hp/status/1253724575323557890,,,
25/04/2020,Himachal Pradesh,,,,,,,,,,,,,,
05/04/2020,Jammu and Kashmir,1551,106,1429,16,,,,,,,https://twitter.com/diprjk/status/1246764514135040000,,6.83%,
10/04/2020,Jammu and Kashmir,2961,207,2754,,415,,,,,,https://twitter.com/diprjk/status/1248598584380887042/photo/1,,6.99%,
11/04/2020,Jammu and Kashmir,3206,224,2982,,422,,,,,,https://twitter.com/diprjk/status/1248973710284820486?s=19,,6.99%,
12/04/2020,Jammu and Kashmir,3600,245,3355,,433,,,,,,https://twitter.com/diprjk/status/1249325016266637313,https://twitter.com/diprjk,6.81%,
13/04/2020,Jammu and Kashmir,4065,270,3795,,354,,,,,,https://twitter.com/diprjk/status/1249691818737844224,,6.64%,
14/04/2020,Jammu and Kashmir,4619,278,4341,,365,,,,,,https://twitter.com/diprjk/status/1250065146074071041/photo/2,,6.02%,
15/04/2020,Jammu and Kashmir,5171,300,4871,,270,,,,,,https://twitter.com/diprjk/status/1250429960319152128?s=19,,5.80%,
16/04/2020,Jammu and Kashmir,5680,314,5366,,265,,,,,,https://mobile.twitter.com/diprjk/status/1250767946072199168/photo/2,,5.53%,
17/04/2020,Jammu and Kashmir,6438,328,6110,,260,,,,,,https://mobile.twitter.com/diprjk/status/1251154157924282371/photo/2,,5.09%,
18/04/2020,Jammu and Kashmir,6937,341,6596,,252,,,,,,https://twitter.com/diprjk/status/1251512200130228233,,4.92%,
19/04/2020,Jammu and Kashmir,7895,350,7545,,264,,,,,,https://twitter.com/diprjk/status/1251889101550174209?s=19,,4.43%,
20/04/2020,Jammu and Kashmir,8612,368,8244,,229,,,,,,https://twitter.com/diprjk/status/1252217115072839682/photo/2,,4.27%,
21/04/2020,Jammu and Kashmir,9220,380,8840,,248,,,,,,https://twitter.com/diprjk/status/1252595792776294400,,4.12%,
22/04/2020,Jammu and Kashmir,10039,407,9632,,252,,,,,,https://twitter.com/diprjk/status/1252948284328431618/photo/2,,4.05%,
23/04/2020,Jammu and Kashmir,10977,427,10550,,279,,,,,,https://twitter.com/diprjk/status/1253301875320909824/photo/2,,3.89%,
24/04/2020,Jammu and Kashmir,11764,454,11310,,260,,,,,,https://twitter.com/diprjk/status/1253683232073080832,,,
25/04/2020,Jammu and Kashmir,,,,,,,,,,,,,,
10/04/2020,Jharkhand,1681,14,1326,,,,2891,239,,,https://twitter.com/BannaGupta76/status/1248679134676443136,,0.83%,
11/04/2020,Jharkhand,1912,17,1529,366,,,2891,239,,,https://twitter.com/BannaGupta76/status/1249017689827205121?s=20,,0.89%,
12/04/2020,Jharkhand,2117,17,1666,434,,,2891,239,,,https://twitter.com/RanchiPIB/status/1249357914571038724,,0.80%,
13/04/2020,Jharkhand,2523,19,1963,541,,,2891,239,,,https://twitter.com/RanchiPIB/status/1249748332857053186?s=20,,0.75%,
14/04/2020,Jharkhand,2785,27,2307,451,,,2891,239,,,https://mobile.twitter.com/FobGumla/status/1250155260691144704/photo/1,,0.97%,
15/04/2020,Jharkhand,,,,,,,,,,,,,,
16/04/2020,Jharkhand,,,,,,,,,,,,,,
17/04/2020,Jharkhand,3751,32,3111,,,,2891,239,,,https://mobile.twitter.com/FobGumla/status/1251192890342158338,,0.85%,
18/04/2020,Jharkhand,4464,33,3398,,,,2891,239,,,https://twitter.com/FobGumla/status/1251564826863628289?s=09,,0.74%,
19/04/2020,Jharkhand,4775,38,3608,,,,2891,239,,,https://mobile.twitter.com/FobGumla/status/1251922007429492736,,0.80%,
20/04/2020,Jharkhand,5508,45,4190,,,,2891,239,,,https://mobile.twitter.com/RanchiPIB/status/1252286622701219840,,0.82%,
21/04/2020,Jharkhand,,,,,,,,,,,,,,
22/04/2020,Jharkhand,6696,49,5127,,,,2891,239,,,https://twitter.com/RanchiPIB/status/1253147423527993345?s=09,,0.73%,
23/04/2020,Jharkhand,5380,53,5327,,,,,,,,https://twitter.com/FobGumla/status/1253342601530368001?s=09,,0.99%,
24/04/2020,Jharkhand,6162,57,6105,,,,,,,,https://twitter.com/FobGumla/status/1253727385851015170/photo/1,,,
25/04/2020,Jharkhand,,,,,,,,,,,,,,
03/04/2020,Karnataka,4587,128,4281,178,219,,,,,,https://karunadu.karnataka.gov.in/hfw/kannada/nCovDocs/03-04-2020(English).pdf,,2.79%,
07/04/2020,Karnataka,6580,175,5942,,,,1540,250,130,,https://karunadu.karnataka.gov.in/hfw/kannada/nCovDocs/07-04-2020(English).pdf,,2.66%,
08/04/2020,Karnataka,6967,181,6473,,,,,,,,https://karunadu.karnataka.gov.in/hfw/kannada/nCovDocs/08-04-2020(English).pdf,,2.60%,
09/04/2020,Karnataka,7613,197,7176,,,,,,,,https://karunadu.karnataka.gov.in/hfw/kannada/nCovDocs/09-04-2020(English).pdf,,2.59%,
10/04/2020,Karnataka,7975,207,7673,,,,,,,,https://karunadu.karnataka.gov.in/hfw/kannada/nCovDocs/10-04-2020(English).pdf,,2.60%,
11/04/2020,Karnataka,8560,215,8231,,,,,,,,https://karunadu.karnataka.gov.in/hfw/kannada/nCovDocs/11-04-2020(English).pdf,,2.51%,
12/04/2020,Karnataka,9251,232,8831,,,,,,,,https://karunadu.karnataka.gov.in/hfw/kannada/nCovDocs/12-04-2020(English).pdf,https://karunadu.karnataka.gov.in/hfw/kannada/Pages/cv-media-bulletin.aspx,2.51%,
13/04/2020,Karnataka,10017,247,9572,,,,,,,,https://karunadu.karnataka.gov.in/hfw/kannada/nCovDocs/13-04-2020(English).pdf,,2.47%,
14/04/2020,Karnataka,11107,260,10554,,,,,,,,https://karunadu.karnataka.gov.in/hfw/kannada/nCovDocs/14-04-2020(English).pdf ,,2.34%,
15/04/2020,Karnataka,12483,279,11905,,,,,,,,https://karunadu.karnataka.gov.in/hfw/kannada/nCovDocs/15-04-2020(English).pdf,,2.24%,
16/04/2020,Karnataka,13724,315,13074,,,,,,,,https://karunadu.karnataka.gov.in/hfw/kannada/nCovDocs/16-04-2020(English).pdf,,2.30%,
17/04/2020,Karnataka,17594,359,14606,,,,,,,9864,https://karunadu.karnataka.gov.in/hfw/kannada/nCovDocs/17-04-2020(English).pdf,,2.04%,
18/04/2020,Karnataka,19186,384,15658,,,,,,,6366,https://covid19.karnataka.gov.in/storage/pdf-files/Media-Bulletin/18-04-2020-05-00PM-English.pdf,,2.00%,
19/04/2020,Karnataka,21367,390,17662,,,,,,,4609,https://covid19.karnataka.gov.in/storage/pdf-files/Media-Bulletin/19-04-2020-05-00-English.pdf,,1.83%,
20/04/2020,Karnataka,23460,408,19497,,,,,,,3564,https://karunadu.karnataka.gov.in/hfw/kannada/nCovDocs/20-04-2020(English).pdf,,1.74%,
21/04/2020,Karnataka,26233,418,22222,,,,,,,3802,https://covid19.karnataka.gov.in/storage/pdf-files/Media-Bulletin/21-04-2020-05-00-English.pdf,,1.59%,
22/04/2020,Karnataka,29512,427,25424,,,,,,,4898,https://covid19.karnataka.gov.in/storage/pdf-files/Media-Bulletin/22-04-2020-05-00-English.pdf,,1.45%,
23/04/2020,Karnataka,32122,445,28174,,,,,,,5944,https://covid19.karnataka.gov.in/storage/pdf-files/Media-Bulletin/23-04-2020-05-00-English.pdf,,1.39%,
24/04/2020,Karnataka,35958,474,31914,,,,,,,5943,https://covid19.karnataka.gov.in/storage/pdf-files/Media-Bulletin/24-04-2020-05-00-English.pdf,,1.32%,
25/04/2020,Karnataka,,,,,,,,,,,,,,
01/04/2020,Kerala,7965,265,7256,444,622,,,,,,https://dashboard.kerala.gov.in/testing-view-public.php,https://dashboard.kerala.gov.in/quarantine-view-public.php,3.33%,
02/04/2020,Kerala,8456,286,7622,548,643,,,,,,https://dashboard.kerala.gov.in/testing-view-public.php,https://dashboard.kerala.gov.in/quarantine-view-public.php,3.38%,
03/04/2020,Kerala,9139,295,8126,718,706,,,,,,https://dashboard.kerala.gov.in/,https://dashboard.kerala.gov.in/quarantine-view-public.php,3.23%,
04/02/2020,Kerala,9744,306,8586,852,734,,,,,,https://dashboard.kerala.gov.in/testing-view-public.php,https://dashboard.kerala.gov.in/quarantine-view-public.php,3.14%,
05/04/2020,Kerala,10221,314,9300,607,776,,,,,,https://dashboard.kerala.gov.in/testing-view-public.php,https://dashboard.kerala.gov.in/quarantine-view-public.php,3.07%,
06/04/2020,Kerala,10716,327,9607,782,795,,,,,,https://dashboard.kerala.gov.in/testing-view-public.php,https://dashboard.kerala.gov.in/quarantine-view-public.php,3.05%,
07/04/2020,Kerala,11232,336,10250,646,752,,,,,,https://dashboard.kerala.gov.in/testing-view-public.php,https://dashboard.kerala.gov.in/quarantine-view-public.php,2.99%,
08/04/2020,Kerala,11986,354,10906,735,749,,,,,,https://dashboard.kerala.gov.in/testing-view-public.php,https://dashboard.kerala.gov.in/quarantine-view-public.php,2.95%,
09/04/2020,Kerala,12710,258,11469,884,723,,,,,,http://dhs.kerala.gov.in/wp-content/uploads/2020/04/Daily-Bulletin-HFWD-English-April-9.pdf,https://dashboard.kerala.gov.in/quarantine-view-public.php,2.03%,
09/04/2020,Kerala,12710,357,11469,884,723,,,,,,https://twitter.com/vijayanpinarayi/status/1248267225825308677,https://dashboard.kerala.gov.in/,2.81%,
10/04/2020,Kerala,13339,364,12335,640,730,,,,,,http://dhs.kerala.gov.in/wp-content/uploads/2020/04/Daily-Bulletin-HFWD-English-April-10.pdf,https://dashboard.kerala.gov.in/quarantine-view-public.php,2.73%,
11/04/2020,Kerala,14163,373,12818,972,814,,,,,,https://dashboard.kerala.gov.in/quarantine-view-public.php,https://dashboard.kerala.gov.in/testing-view-public.php,2.63%,
12/04/2020,Kerala,14989,375,13802,,,,,,,,http://dhs.kerala.gov.in/wp-content/uploads/2020/04/Daily-Bulletin-HFWD-English-April-12.pdf,https://dashboard.kerala.gov.in/testing-view-public.php,2.50%,
13/04/2020,Kerala,15683,378,14829,476,,,,,,,https://dashboard.kerala.gov.in/testing-view-public.php,http://dhs.kerala.gov.in/wp-content/uploads/2020/04/Daily-Bulletin-HFWD-English-April-13.pdf,2.41%,
14/04/2020,Kerala,16235,386,15488,361,,,,,,,https://dashboard.kerala.gov.in/testing-view-public.php,http://dhs.kerala.gov.in/wp-content/uploads/2020/04/Daily-Bulletin-HFWD-English-April-14.pdf,2.38%,
15/04/2020,Kerala,16475,387,16002,86,,,,,,,https://dashboard.kerala.gov.in/testing-view-public.php,,2.35%,
16/04/2020,Kerala,17400,394,16459,547,,,,,,,https://dashboard.kerala.gov.in/testing-view-public.php,,2.26%,
17/04/2020,Kerala,18029,395,17279,355,,,,,,,https://dashboard.kerala.gov.in/testing-view-public.php,,2.19%,
18/04/2020,Kerala,18774,399,17763,612,,,,,,,https://dashboard.kerala.gov.in/testing-view-public.php,,2.13%,
19/04/2020,Kerala,19351,401,18547,403,,,,,,,https://dashboard.kerala.gov.in/testing-view-public.php,,2.07%,
20/04/2020,Kerala,19756,408,19074,274,,,,,,,https://dashboard.kerala.gov.in/testing-view-public.php,,2.07%,
21/04/2020,Kerala,20252,426,19442,384,442,,,,,,https://dashboard.kerala.gov.in/testing-view-public.php,,2.10%,
22/04/2020,Kerala,20821,437,19998,386,346,,,,,,https://dashboard.kerala.gov.in/testing-view-public.php,,2.10%,
23/04/2020,Kerala,21334,447,20326,561,,,,,,,https://dashboard.kerala.gov.in/testing-view-public.php,,2.10%,
24/04/2020,Kerala,21940,450,20830,660,,,,,,,https://dashboard.kerala.gov.in/testing-view-public.php,,,
25/04/2020,Kerala,,,,,,,,,,,,,,
26/04/2020,Kerala,,,,,,,,,,,,,,
13/04/2020,Ladakh,618,17,,,,,,,,,http://newsonair.com/News?title=Ladakh-well-ahead-of-all-states-and-UTs-in-testing-suspects-for-COVID-19&id=385511,,2.75%,
14/04/2020,Ladakh,760,17,615,69,,,,,,,https://twitter.com/DIPR_Leh/status/1250016972072292353?s=09,,2.24%,
15/04/2020,Ladakh,820,18,657,86,154,,,,,,https://twitter.com/ladags/status/1250457259299110914?s=19,,2.20%,
16/04/2020,Ladakh,917,18,695,145,157,,,,,,https://twitter.com/ladags/status/1250757796007567360?s=19,,1.96%,
17/04/2020,Ladakh,,,,,,,,,,,,,,
18/04/2020,Ladakh,,,,,,,,,,,,,,
19/04/2020,Ladakh,991,18,797,117,157,,154,,,,https://twitter.com/ladags/status/1251890558810812422?s=19,,1.82%,
20/04/2020,Ladakh,,,,,,,,,,,,,,
21/04/2020,Ladakh,1137,18,896,164,154,,,,,,https://twitter.com/ladags/status/1252646578688389121?s=09,,1.58%,
22/04/2020,Ladakh,,,,,,,,,,,,,,
05/04/2020,Madhya Pradesh,2812,193,1954,665,,,,,,,https://twitter.com/JansamparkMP/status/1246841187073273857,,6.86%,
07/04/2020,Madhya Pradesh,3770,290,3125,355,,,9492,1598,993,,https://twitter.com/JansamparkMP/status/1247554866043473920,,7.69%,
08/04/2020,Madhya Pradesh,4056,341,3443,272,,,,,,,https://twitter.com/JansamparkMP/status/1247907281703862272/photo/2,,8.41%,
09/04/2020,Madhya Pradesh,5135,411,3989,,,,9492,1598,993,,https://twitter.com/JansamparkMP/status/1248269831876382720?s=20,,8.00%,
10/04/2020,Madhya Pradesh,7049,451,4840,,,,9492,1598,993,,https://twitter.com/JansamparkMP/status/1248611777526394885?s=19,,6.40%,
11/04/2020,Madhya Pradesh,8516,529,5790,,,,9492,1598,993,,https://twitter.com/JansamparkMP/status/1249002767026274304?s=19,,6.21%,
12/04/2020,Madhya Pradesh,10481,562,6875,,,,9492,1598,993,,https://twitter.com/JansamparkMP/status/1249287199687716864?s=19,,5.36%,
13/04/2020,Madhya Pradesh,10481,614,6875,,,,16868,716,622,548464,https://www.google.com/url?q=https://twitter.com/JansamparkMP/status/1249707440288878592?s%3D19&sa=D&ust=1586894104440000&usg=AFQjCNESb6V_VO9Qoh8zQT0BFeSThzRGJg,,5.86%,
14/04/2020,Madhya Pradesh,12940,741,7103,4835,,,20243,783,690,578780,https://twitter.com/JansamparkMP/status/1250071572779601920?s=09,,5.73%,
15/04/2020,Madhya Pradesh,14096,938,8658,4501,,,29355,840,690,607324,https://twitter.com/JansamparkMP/status/1250441930896334852?s=09,,6.65%,
16/04/2020,Madhya Pradesh,17650,1164,12326,4158,,,,,,637288,https://twitter.com/JansamparkMP/status/1250813847650177024,,6.59%,
17/04/2020,Madhya Pradesh,20298,1310,13992,4996,,,,,,668994,https://twitter.com/JansamparkMP/status/1251155692213334018,,6.45%,
18/04/2020,Madhya Pradesh,22569,1402,13576,7251,,,,,,698326,https://twitter.com/JansamparkMP/status/1251528687935057920/photo/1,,6.21%,
19/04/2020,Madhya Pradesh,24889,1407,16428,7054,,,20243,783,690,726490,https://twitter.com/JansamparkMP/status/1251866633360093184/photo/2,,5.65%,
20/04/2020,Madhya Pradesh,27661,1485,17657,8519,,,33514,865,592,752852,https://twitter.com/JansamparkMP/status/1252220621112647683/photo/2,,5.37%,
21/04/2020,Madhya Pradesh,29120,1552,19353,8215,,,,,,781338,https://twitter.com/JansamparkMP/status/1252572205768114178/photo/1,,5.33%,
22/04/2020,Madhya Pradesh,31078,1587,21077,8414,,,,,,808177,https://twitter.com/JansamparkMP/status/1252908046629691392/photo/1,,5.11%,
23/04/2020,Madhya Pradesh,33074,1687,22861,8526,,,,,,836495,https://twitter.com/JansamparkMP/status/1253294536438284288?s=09,,5.10%,
24/04/2020,Madhya Pradesh,35076,1846,24387,8843,,,33514,865,592,876840,https://twitter.com/JansamparkMP/status/1253649153525153792?s=19,,,
25/04/2020,Madhya Pradesh,,,,,,,,,,,,,,
05/04/2020,Maharashtra,16008,,14837,,3122,,,,,,,,0.00%,
06/04/2020,Maharashtra,17563,868,15808,,3498,,,,,,https://www.cnbctv18.com/healthcare/maharashtra-covid-19-tally-mounts-to-868-with-7-fresh-deaths-5634351.htm,,4.94%,
07/04/2020,Maharashtra,20877,1018,19290,569,38703,,,,,,https://arogya.maharashtra.gov.in/pdf/covidepressnote07.pdf,,4.88%,
09/04/2020,Maharashtra,20877,868,19290,715,,,,,,,https://twitter.com/Maha_MEDD/status/1248156898894811136,https://drive.google.com/file/d/1InVpTI2sfv8N24YVOJVlVUMQ5Z-d8ZRq/view,4.16%,
10/04/2020,Maharashtra,30000,1135,28865,,,,,,,,https://twitter.com/Maha_MEDD/status/1248484537216065536,https://drive.google.com/file/d/1EnHn3WjLO2EkLjDRiv7C_B44IY_1HuiX/view,3.78%,
11/04/2020,Maharashtra,31841,1761,30477,,,,,,,,https://twitter.com/Maha_MEDD/status/1248859409419132929?s=19,https://phdmah.maps.arcgis.com/apps/opsdashboard/index.html#/2cc0055832264c5296890745e9ea415c,5.53%,
12/04/2020,Maharashtra,35668,1761,34094,,,,,,,,https://twitter.com/Maha_MEDD/status/1249210483812548608?s=19,https://phdmah.maps.arcgis.com/apps/opsdashboard/index.html#/2cc0055832264c5296890745e9ea415c,4.94%,
13/04/2020,Maharashtra,39725,1996,37964,,,,,,,,https://twitter.com/Maha_MEDD/status/1249593448820125697,https://phdmah.maps.arcgis.com/apps/opsdashboard/index.html#/2cc0055832264c5296890745e9ea415c,5.02%,
14/04/2020,Maharashtra,41071,2340,39089,,,,,,,,https://twitter.com/Maha_MEDD/status/1249943643357511680?s=19,https://phdmah.maps.arcgis.com/apps/opsdashboard/index.html#/2cc0055832264c5296890745e9ea415c,5.70%,
15/04/2020,Maharashtra,45142,2690,42808,,,,,,,,https://twitter.com/Maha_MEDD/status/1250306461097320448,https://drive.google.com/file/d/1ItKhc3Ch9ueTg3EsMmq0dlQTgPlt-l5a/view,5.96%,
16/04/2020,Maharashtra,50882,2916,48198,,,,,,,,https://twitter.com/Maha_MEDD/status/1250659519840968704,,5.73%,
17/04/2020,Maharashtra,55678,3204,52762,,,,,,,,https://twitter.com/Maha_MEDD/status/1251045031869214720,,5.75%,
18/04/2020,Maharashtra,60166,3323,56964,,,,,,,,https://twitter.com/Maha_MEDD/status/1251399078555947008,,5.52%,
19/04/2020,Maharashtra,66796,3651,63476,,,,,,,,https://twitter.com/Maha_MEDD/status/1251760884512243714,,5.47%,
20/04/2020,Maharashtra,71321,4204,67673,,,,,,,,https://twitter.com/Maha_MEDD/status/1252114391090130947,,5.89%,
21/04/2020,Maharashtra,75838,4676,71638,,,,,,,,https://twitter.com/Maha_MEDD/status/1252467996393537536,,6.17%,
22/04/2020,Maharashtra,82304,5229,77638,,,,,,,,https://twitter.com/Maha_MEDD/status/1252842842268950530,,6.35%,
23/04/2020,Maharashtra,89197,5218,83979,,,,,,,,https://twitter.com/Maha_MEDD/status/1253199854890713089,,5.85%,
24/04/2020,Maharashtra,95210,6427,89561,,,,,,,,https://twitter.com/Maha_MEDD/status/1253554384606298114?s=19,,6.75%,
16/02/2020,Meghalaya,552,7,299,246,,,,,,,https://t.me/indiacovid/2463,,1.27%,
17/04/2020,Meghalaya,617,9,541,,105,,,,,,http://meghalaya.gov.in/megcms/sites/default/files/press_release/CM%20Media%20Brief_0.pdf,,1.46%,
18/04/2020,Meghalaya,738,11,667,60,,,,,,,http://meghalayaonline.gov.in/covid/login.htm#,,1.49%,
19/04/2020,Meghalaya,766,11,678,77,,,,,,,http://meghalayaonline.gov.in/covid/login.htm#,,1.44%,
20/04/2020,Meghalaya,838,11,714,,,,,,,,http://meghalayaonline.gov.in/covid/login.htm#,,1.31%,
21/04/2020,Meghalaya,933,12,821,100,,,,,,,http://meghalayaonline.gov.in/covid/login.htm#,,1.29%,
22/04/2020,Meghalaya,1046,12,904,130,,,,,,,http://meghalayaonline.gov.in/covid/login.htm#,,1.15%,
23/04/2020,Meghalaya,1109,12,1000,97,,,,,,,http://meghalayaonline.gov.in/covid/login.htm#,,1.08%,
24/04/2020,Meghalaya,,,,,,,,,,,,,,
25/04/2020,Meghalaya,,,,,,,,,,,,,,
06/04/2020,Mizoram,58,1,0,0,207,,,,,,https://health.mizoram.gov.in/post/covid-19-bulletin-date-642020,,1.72%,
07/04/2020,Mizoram,58,1,0,0,207,,,,,,https://health.mizoram.gov.in/post/covid-19-bulletin-date-742020,,1.72%,
08/04/2020,Mizoram,74,1,,0,,,,,,,https://health.mizoram.gov.in/post/covid-19-bulletin-date-842020,,1.35%,
09/04/2020,Mizoram,84,1,,,,,,,,,https://health.mizoram.gov.in/post/covid-19-bulletin-date-942020,,1.19%,
10/04/2020,Mizoram,,,,,,,,,,,https://health.mizoram.gov.in/,,,
11/04/2020,Mizoram,,,,,,,,,,,,,,
12/04/2020,Mizoram,87,1,,,,,,,,,https://health.mizoram.gov.in/post/status-of-state-surveillance-of-covid-19-date-1142020,,1.15%,
13/04/2020,Mizoram,89,1,,,,,,,,,https://t.me/indiacovid/2218,,1.12%,
14/04/2020,Mizoram,91,1,,,,,,,,,https://health.mizoram.gov.in/post/covid-19-bulletin-date-1442020,,1.10%,
15/04/2020,Mizoram,94,1,,,,,,,,,https://health.mizoram.gov.in/post/covid-19-bulletin-date-1542020,,1.06%,
16/04/2020,Mizoram,94,1,,,,,,,,,https://health.mizoram.gov.in/post/covid-19-bulletin-date-1642020,,1.06%,
17/04/2020,Mizoram,,,,,,,,,,,,,,
18/04/2020,Mizoram,102,1,,,,,,,,,https://health.mizoram.gov.in/post/covid-19-bulletin-date-1842020,,0.98%,
19/04/2020,Mizoram,116,1,,,,,,,,,https://health.mizoram.gov.in/post/covid-19-bulletin-date-1942020,,0.86%,
20/04/2020,Mizoram,132,1,,,,,,,,,https://health.mizoram.gov.in/post/covid-19-bulletin-date-2042020,,0.76%,
21/04/2020,Mizoram,135,1,,,,,,,,,https://t.me/indiacovid/2898?single,,0.74%,
22/04/2020,Mizoram,135,1,,,,,,,,,https://health.mizoram.gov.in/post/covid-19-bulletin-date-2242020,,0.74%,
23/04/2020,Mizoram,137,1,,,,,,,,,https://health.mizoram.gov.in/post/covid-19-bulletin-date-2342020,,0.73%,
24/04/2020,Mizoram,,,,,,,,,,,,,,
25/04/2020,Mizoram,,,,,,,,,,,,,,
06/04/2020,Nagaland,60,0,47,13,,,489,,70,,http://morungexpress.com/nagaland-covid-19-update-2,,0.00%,
10/04/2020,Nagaland,70,0,69,1,20,,,,,,http://morungexpress.com/nagaland-covid-19-update-4,,0.00%,
11/04/2020,Nagaland,70,0,70,,22,,,,,,http://morungexpress.com/nagaland-covid-19-update-5,,0.00%,
12/04/2020,Nagaland,74,0,70,4,,,,,,,http://morungexpress.com/nagaland-covid-19-update-6,,0.00%,
13/04/2020,Nagaland,,,,,,,,,,,,,,
14/04/2020,Nagaland,174,0,97,77,,,,,,,https://nagahealth.nagaland.gov.in/,,0.00%,
15/04/2020,Nagaland,184,0,174,10,,,,,,,https://nagahealth.nagaland.gov.in/,,0.00%,
16/04/2020,Nagaland,,,,,,,,,,,,,,
17/04/2020,Nagaland,274,0,222,48,,,,,,,https://nagahealth.nagaland.gov.in/,,0.00%,
18/04/2020,Nagaland,392,0,292,100,,,,,,,https://nagahealth.nagaland.gov.in/,,0.00%,
19/04/2020,Nagaland,404,0,345,59,,,,,,,https://nagahealth.nagaland.gov.in/,,0.00%,
20/04/2020,Nagaland,434,0,404,30,,,,,,,https://nagahealth.nagaland.gov.in/,,0.00%,
21/04/2020,Nagaland,537,0,456,81,,,,,,,https://nagahealth.nagaland.gov.in/,,0.00%,
22/04/2020,Nagaland,543,0,481,62,,,,,,,https://nagahealth.nagaland.gov.in/,,0.00%,
23/04/2020,Nagaland,607,0,543,64,,,,,,,https://nagahealth.nagaland.gov.in/,,0.00%,
24/04/2020,Nagaland,,,,,,,,,,,,,,
25/04/2020,Nagaland,,,,,,,,,,,,,,
03/04/2020,Odisha,1395,20,1108,267,,,,,,,https://twitter.com/HFWOdisha/status/1246135145230303232,,1.43%,
07/04/2020,Odisha,2190,40,,,,,,,,,https://twitter.com/HFWOdisha/status/1247579939206909953,,1.83%,
07/04/2020,Odisha,2441,42,,,,,,,,,https://twitter.com/HFWOdisha/status/1247579939206909953,,1.72%,
08/04/2020,Odisha,2441,42,2399,,,,,,,,https://health.odisha.gov.in/,,1.72%,
09/04/2020,Odisha,3249,48,3201,,,,,,,,https://health.odisha.gov.in/,,1.48%,
10/04/2020,Odisha,3547,50,3497,,,,,,,,https://health.odisha.gov.in/,,1.41%,
11/04/2020,Odisha,3551,51,3497,,,,,,,,https://health.odisha.gov.in/,,1.44%,
12/04/2020,Odisha,3862,54,3808,,,,,,,,https://health.odisha.gov.in/,,1.40%,
13/04/2020,Odisha,4170,54,4116,,,,,,,,https://health.odisha.gov.in/,,1.29%,
14/04/2020,Odisha,4734,56,4678,,,,,,,,https://health.odisha.gov.in/,,1.18%,
15/04/2020,Odisha,5537,60,5477,,,,,,,,https://health.odisha.gov.in/,,1.08%,
16/04/2020,Odisha,6734,60,6674,,,,,,,,https://health.odisha.gov.in/pdf/covid-19-Analysis-Report-16042020.pdf,https://health.odisha.gov.in/,0.89%,
17/04/2020,Odisha,7577,60,7517,,,,,,,,https://health.odisha.gov.in/pdf/covid-19-Analysis-Report-17042020.pdf,https://health.odisha.gov.in/,0.79%,
18/04/2020,Odisha,8619,60,8559,,,,,,,,https://health.odisha.gov.in/pdf/covid-19-Analysis-Report-17042020.pdf,,0.70%,
19/04/2020,Odisha,9690,61,9629,,,,,,,,https://health.odisha.gov.in/pdf/covid-19-Analysis-Report-19042020.pdf,https://health.odisha.gov.in/,0.63%,
20/04/2020,Odisha,12372,68,,,,,,,,,https://health.odisha.gov.in/,https://health.odisha.gov.in/pdf/covid-19-Analysis-Report-20042020.pdf,0.55%,
21/04/2020,Odisha,16609,79,,,,,,,,,https://health.odisha.gov.in/,,0.48%,
22/04/2020,Odisha,18750,83,,,,,,,,,https://health.odisha.gov.in/,,0.44%,
23/04/2020,Odisha,20959,83,,,,,,,,,https://health.odisha.gov.in/,,0.40%,
24/04/2020,Odisha,23433,90,,,,,,,,,https://health.odisha.gov.in/,,,
25/04/2020,Odisha,,,,,,,,,,,,,,
18/04/2020,Puducherry,1207,7,1159,41,,,,,,,https://covid19dashboard.py.gov.in/,,0.58%,
19/04/2020,Puducherry,1245,7,1214,24,,,,,,,https://covid19dashboard.py.gov.in/,,0.56%,
20/04/2020,Puducherry,1272,7,1232,33,,,,,,,https://covid19dashboard.py.gov.in/,,0.55%,
21/04/2020,Puducherry,1319,7,1272,40,,,,,,,https://covid19dashboard.py.gov.in/Home/TestResultsReport,,0.53%,
22/04/2020,Puducherry,1473,7,1354,112,,,,,,,https://covid19dashboard.py.gov.in/Home/TestResultsReport,,0.48%,
23/04/2020,Puducherry,1548,7,1513,28,,,,,,,https://covid19dashboard.py.gov.in/Home/TestResultsReport,,0.45%,
24/04/2020,Puducherry,1704,7,1657,40,,,,,,,https://covid19dashboard.py.gov.in/Home/TestResultsReport,,,
25/04/2020,Puducherry,,,,,,,,,,,,,,
02/04/2020,Punjab,1434,37,1236,161,,,,,,,https://twitter.com/kbssidhu1961/status/1245680244658339841/photo/1,,2.58%,
08/04/2020,Punjab,2937,106,2614,217,,,,,,,https://twitter.com/kbssidhu1961/status/1247878360966901763/photo/1,,3.61%,
09/04/2020,Punjab,3192,130,2777,285,,,,,,,http://pbhealth.gov.in/Media%20bulletin%20-%2009-04-2020.pdf,,4.07%,
10/04/2020,Punjab,3461,151,2972,338,,,,,,,http://pbhealth.gov.in/Media%20bulletin%20-%2010-04-2020.pdf,,4.36%,
11/04/2020,Punjab,3909,158,3249,502,,,,,,,http://pbhealth.gov.in/Media%20bulletin%20-%2011-04-2020.pdf,,4.04%,
12/04/2020,Punjab,4281,170,3590,521,,,,,,,http://pbhealth.gov.in/Media%20bulletin%20-%2012-04-2020.pdf,,3.97%,
13/04/2020,Punjab,4480,176,3858,446,,,,,,,http://pbhealth.gov.in/Media%20bulletin%20-%2013-04-2020.pdf,http://pbhealth.gov.in/,3.93%,
14/04/2020,Punjab,4844,184,4047,613,,,,,,,http://pbhealth.gov.in/Media%20Bulletin-%2014.4.2020.pdf,http://pbhealth.gov.in/media-bulletin.htm,3.80%,
15/04/2020,Punjab,5193,186,4404,603,,,,,,,http://pbhealth.gov.in/Media%20Bulletin%2015.4.2020.pdf,,3.58%,
16/04/2020,Punjab,5524,197,4727,600,,,,,,,http://pbhealth.gov.in/Media%20Bulletin%20COVID-19%2016-04-2020.pdf,,3.57%,
17/04/2020,Punjab,5988,211,5113,664,,,,,,,https://t.me/indiacovid/2492?single,,3.52%,
18/04/2020,Punjab,6167,234,5354,579,,,,,,,https://twitter.com/kbssidhu1961/status/1251530620154585088,,3.79%,
19/04/2020,Punjab,6607,244,5949,414,,,,,,,https://twitter.com/kbssidhu1961/status/1251883032836927488?s=19,,3.69%,
20/04/2020,Punjab,6797,245,6273,279,,,,,,,http://pbhealth.gov.in/Media%20Bulletin%20COVID-Dated%2020-04-2020.pdf,,3.60%,
21/04/2020,Punjab,7355,251,6769,335,,,,,,,http://pbhealth.gov.in/Media%20Bulletin%20COVID-19%20Dated%2021-04-2020.pdf,,3.41%,
22/04/2020,Punjab,7887,257,7100,530,,,,,,,http://pbhealth.gov.in/Media%20Bulletin%20COVID-19%2022-04-2020.pdf,,3.26%,
23/04/2020,Punjab,8757,283,7433,1041,,,,,,,https://twitter.com/kbssidhu1961/status/1253299062620581893?s=19,,3.23%,
24/04/2020,Punjab,10611,298,8310,2003,,,,,,,https://twitter.com/kbssidhu1961/status/1253658553895784448?s=19,,,
25/04/2020,Punjab,,,,,,,,,,,,,,
26/04/2020,Punjab,,,,,,,,,,,,,,
05/04/2020,Rajasthan,12279,260,11439,580,,,,,,,http://www.rajswasthya.nic.in/,,2.12%,
07/04/2020,Rajasthan,17638,363,16401,874,,,,,,,,,2.06%,
08/04/2020,Rajasthan,17638,363,16401,874,,,,,,,http://www.rajswasthya.nic.in/,,2.06%,
09/04/2020,Rajasthan,19107,463,17851,793,,,,,,,http://www.rajswasthya.nic.in/,https://twitter.com/TabeenahAnjum/status/1248310723882536960?s=09,2.42%,
10/04/2020,Rajasthan,22349,561,20698,1090,,,,,,,https://t.me/c/1428198946/1843,,2.51%,
11/04/2020,Rajasthan,24857,678,22583,1586,,,,,,,http://www.rajswasthya.nic.in/,,2.73%,
12/04/2020,Rajasthan,28505,796,25105,2559,,,,,,,https://t.me/indiacovid/2093,,2.79%,
13/04/2020,Rajasthan,31804,847,28657,2300,,,,,,,https://t.me/indiacovid/2160,,2.66%,
14/04/2020,Rajasthan,34928,1005,29376,4583,,,,,,,https://t.me/indiacovid/2309,,2.88%,
15/04/2020,Rajasthan,37860,1076,31902,4882,,,,,,,https://t.me/indiacovid/2376,,2.84%,
16/04/2020,Rajasthan,40778,1101,33739,5938,,,,,,,https://t.me/indiacovid/2402,,2.70%,
17/04/2020,Rajasthan,42847,1229,36153,5465,,,,,,,https://t.me/indiacovid/2516,,2.87%,
18/04/2020,Rajasthan,47197,1282,39092,6823,,,,,,,https://t.me/indiacovid/2547,,2.72%,
19/04/2020,Rajasthan,51614,1478,43537,6599,,,,,,,https://t.me/indiacovid/2691,,2.86%,
20/04/2020,Rajasthan,57290,1576,47657,8057,,,,,,,https://t.me/indiacovid/2801,,2.75%,
21/04/2020,Rajasthan,61492,1735,54100,5657,,,,,,,https://t.me/indiacovid/2888,,2.82%,
22/04/2020,Rajasthan,66257,1888,58552,5817,,,,,,,https://t.me/indiacovid/2974,,2.85%,
23/04/2020,Rajasthan,69764,1964,63485,4315,,,,,,,https://t.me/indiacovid/3041,,2.82%,
24/04/2020,Rajasthan,74484,2034,68133,4317,,,,,,,https://t.me/indiacovid/3122,,,
25/04/2020,Rajasthan,,,,,,,,,,,,,,
03/04/2020,Tamil Nadu,3684,411,2789,484,284,,13323,,3044,,https://stopcorona.tn.gov.in/wp-content/uploads/2020/03/Media-Bulletin-03-04-20-COVID-19-6-PM.pdf,,11.16%,
08/04/2020,Tamil Nadu,5305,690,4414,201,1864,,22049,,3371,,https://stopcorona.tn.gov.in/,,13.01%,
09/04/2020,Tamil Nadu,7267,834,5824,485,2042,,29074,,3371,,https://stopcorona.tn.gov.in/wp-content/uploads/2020/03/Media-Bulletin09.04.20-5-Pages-English-173-KB.pdf,,11.48%,
10/04/2020,Tamil Nadu,8410,911,6838,661,1987,,29074,,3371,,https://stopcorona.tn.gov.in/wp-content/uploads/2020/03/Media-Bulletin-10-04-20-COVID-19-6-PM.pdf,https://stopcorona.tn.gov.in/wp-content/uploads/2020/03/Media-Bulletin09.04.20-5-Pages-English-173-KB.pdf,10.83%,
11/04/2020,Tamil Nadu,9842,969,7779,1094,1884,,29074,,3371,,https://stopcorona.tn.gov.in/wp-content/uploads/2020/03/Media-Bulletin-11.04.2020.pdf,https://stopcorona.tn.gov.in/,9.85%,
12/04/2020,Tamil Nadu,10655,1075,,,,,29074,,3371,,https://stopcorona.tn.gov.in/wp-content/uploads/2020/03/Media-Bulletin-12.04.2020-5-pages-English-178-KB.pdf,https://stopcorona.tn.gov.in/daily-bulletin/,10.09%,
13/04/2020,Tamil Nadu,12746,1173,,,,,29074,,3371,,https://stopcorona.tn.gov.in/wp-content/uploads/2020/03/Media-Bulletin-13.04.2020-5pages-English-181-KB.pdf,,9.20%,
14/04/2020,Tamil Nadu,19255,1204,13234,777,1870,,29074,,3371,,https://stopcorona.tn.gov.in/,https://stopcorona.tn.gov.in/wp-content/uploads/2020/03/Media-Bulletin-14.04.2020-4-Pages-English-175-KB.pdf,6.25%,
15/04/2020,Tamil Nadu,21994,1242,15210,1383,,,29074,,3371,,https://stopcorona.tn.gov.in/wp-content/uploads/2020/03/Media-Bulletin-15.04.2020.pdf,,5.65%,
16/04/2020,Tamil Nadu,26005,1267,18743,1400,,,29074,,3371,,https://stopcorona.tn.gov.in/wp-content/uploads/2020/03/Media-Bulletin16.04.2020-4-Pages-English-174-KB.pdf,,4.87%,
17/04/2020,Tamil Nadu,29673,1323,21628,2023,,,29074,,3371,,https://stopcorona.tn.gov.in/wp-content/uploads/2020/03/Media-Bulletin-17.04.2020.pdf,,4.46%,
18/04/2020,Tamil Nadu,35036,1372,27192,1433,,,29074,,3371,,https://stopcorona.tn.gov.in/wp-content/uploads/2020/03/Media-Bulletin-18.04.2020.pdf,,3.92%,
19/04/2020,Tamil Nadu,40876,1477,31853,2411,,,29074,,3371,,https://stopcorona.tn.gov.in/wp-content/uploads/2020/03/Media-Bulletin-19-04-20-COVID-19-6-PM-1.pdf,,3.61%,
20/04/2020,Tamil Nadu,46985,1520,38082,2108,,,29074,,3371,,https://stopcorona.tn.gov.in/wp-content/uploads/2020/03/Media-Bulletin20.04.2020.pdf,,3.24%,
21/04/2020,Tamil Nadu,53045,1596,43582,1990,,,,,,,https://stopcorona.tn.gov.in/wp-content/uploads/2020/03/Media-Bulletin-21.04.2020.pdf,,3.01%,
22/04/2020,Tamil Nadu,59023,1629,49506,1937,,,29074,,3371,,https://stopcorona.tn.gov.in/wp-content/uploads/2020/03/Media-Bulletin-22.04.2020.pdf,,2.76%,
23/04/2020,Tamil Nadu,65977,1683,56836,1433,,,29074,,3371,,https://stopcorona.tn.gov.in/wp-content/uploads/2020/03/Media-Bulletin-23.04.2020.pdf,,2.55%,
24/04/2020,Tamil Nadu,72403,1755,62596,1483,,,29074,,3371,,https://stopcorona.tn.gov.in/wp-content/uploads/2020/03/Media-Bulletin-24.04.2020.pdf,,,
25/04/2020,Tamil Nadu,,,,,,,,,,,,,,
26/04/2020,Tamil Nadu,,,,,,,,,,,,,,
19/04/2020,Telangana,14962,858,14104,768,,,,,,,https://t.me/indiacovid/2688?single,,5.73%,
20/04/2020,Telangana,,,,,,,,,,,,,,
21/04/2020,Telangana,,,,,,,,,,,,,,
22/04/2020,Telangana,16827,949,,,,,,,,,https://mobile.twitter.com/BollyNumbers/status/1253200742090854400/photo/2,,,
23/04/2020,Telangana,,,,,,,,,,,,,,
11/04/2020,Tripura,337,2,335,,,,,,,,https://m.facebook.com/story.php?story_fbid=2415546905213637&id=632536300181382,,0.59%,
15/04/2020,Tripura,738,2,,,,,,,,,https://www.facebook.com/bjpbiplab/posts/2424173307684330,,0.27%,
16/04/2020,Tripura,762,2,760,,,,,,,,https://t.me/indiacovid/2466,,0.26%,
17/04/2020,Tripura,,,,,,,,,,,,,,
18/04/2020,Tripura,,,,,,,,,,,,,,
19/04/2020,Tripura,,,,,,,,,,,,,,
20/04/2020,Tripura,,,,,,,,,,,,,,
21/04/2020,Tripura,2604,2,2602,,,,,,,,https://t.me/indiacovid/2898?single,,0.08%,
22/04/2020,Tripura,3215,2,3123,,,,,,,,https://t.me/indiacovid/2983?single,,0.06%,
23/04/2020,Tripura,3512,2,3510,,,,,,,,https://twitter.com/BollyNumbers/status/1253392267043172352/photo/3,,,
05/04/2020,Uttar Pradesh,5255,278,4796,181,,,,,,,WA circular :/,,5.29%,
05/04/2020,Uttar Pradesh,5255,278,4796,179,3927,,,,,,,,5.29%,
09/04/2020,Uttar Pradesh,8402,410,7898,94,8671,,,,,,https://t.me/c/1428198946/1789,,4.88%,
10/04/2020,Uttar Pradesh,9332,433,8798,101,8771,,,,,,https://t.me/c/1428198946/1831,,4.64%,
11/04/2020,Uttar Pradesh,10595,452,10012,131,8084,,,,,,https://t.me/c/1428198946/1882,,4.27%,
12/04/2020,Uttar Pradesh,11855,483,11250,122,,,,,,,https://t.me/indiacovid/2132,,4.07%,
13/04/2020,Uttar Pradesh,13287,558,12542,177,,,,,,,https://t.me/indiacovid/2199,,4.20%,
14/04/2020,Uttar Pradesh,15914,660,15134,120,,,,,,,https://t.me/indiacovid/2294?single,,4.15%,
15/04/2020,Uttar Pradesh,19506,727,18595,184,,,,,,,https://t.me/indiacovid/2356,,3.73%,
16/04/2020,Uttar Pradesh,21384,805,20374,205,,,,,,,https://t.me/indiacovid/2448,,3.76%,
17/04/2020,Uttar Pradesh,24643,849,23648,146,,,,,,,https://t.me/indiacovid/2504?single,,3.45%,
18/04/2020,Uttar Pradesh,28484,974,27262,248,,,,,,,https://t.me/indiacovid/2588,,3.42%,
19/04/2020,Uttar Pradesh,31767,1100,,,,,,,,,https://t.me/c/1248471072/11950,,3.46%,
20/04/2020,Uttar Pradesh,34326,1184,32874,268,,,,,,,https://twitter.com/ANINewsUP/status/1252244640079556609?s=09,,3.45%,
21/04/2020,Uttar Pradesh,37933,1337,36378,218,,,,,,,https://twitter.com/ANINewsUP/status/1252619570222731265?s=19,,3.52%,
22/04/2020,Uttar Pradesh,42192,1449,40263,480,,,,,,,https://twitter.com/ANINewsUP/status/1252986461911052289/photo/1,,3.43%,
23/04/2020,Uttar Pradesh,45483,1510,43495,478,,,,,,,https://t.me/indiacovid/3039?single,,3.32%,
24/04/2020,Uttar Pradesh,53166,1621,51161,384,,,,,,,https://t.me/indiacovid/3111?single,,,
25/04/2020,Uttar Pradesh,,,,,,,,,,,,,,
02/04/2020,Uttarakhand,678,7,554,117,,,,,,,https://www.facebook.com/UKMedicalHealth/photos/a.1666257713623931/2556543367928690/?type=3&theater,,1.03%,
07/04/2020,Uttarakhand,1289,32,1092,165,176,,,,,,,,2.48%,
09/04/2020,Uttarakhand,1531,35,1235,261,1637,,,,,,http://health.uk.gov.in/files/Health_Bulletin__Uttarakhand_Novel_Corona_Virus_9_April_2020_8.00PM.pdf,,2.29%,
10/04/2020,Uttarakhand,1688,35,1320,333,3770,,,,,478,http://health.uk.gov.in/files/Health_Bulletin__Uttarakhand_Novel_Corona_Virus_10_April_2020__5_PM.pdf,http://health.uk.gov.in/pages/display/140-novel-corona-virus-guidelines-and-advisory-,2.07%,
11/04/2020,Uttarakhand,1705,35,1340,330,2693,,,,,480,http://health.uk.gov.in/files/11.04.2020_Daily_Bulletin.pdf,http://health.uk.gov.in/pages/display/140-novel-corona-virus-guidelines-and-advisory-,2.05%,
12/04/2020,Uttarakhand,1820,35,1452,333,,,,,,448,https://m.facebook.com/UKMedicalHealth/photos/pcb.2564454990470861/2564454917137535/?type=3&source=49,,1.92%,
13/04/2020,Uttarakhand,1998,35,1665,298,1814,,,,,,https://www.facebook.com/UKMedicalHealth/photos/a.1933022463614120/2565229507060076/?type=3&theater,,1.75%,
14/04/2020,Uttarakhand,2174,35,1838,305,,,,,,,https://www.facebook.com/UKMedicalHealth/photos/rpp.1665195163730186/2566043650311995/?type=3&theater,,1.61%,
15/04/2020,Uttarakhand,2413,37,2022,354,,,,,,,http://health.uk.gov.in/files/Corrected-15-04-2020-Health-Bulletin.pdf,,1.53%,
16/04/2020,Uttarakhand,2593,37,2210,346,,,,,,353,https://m.facebook.com/UKMedicalHealth/photos/a.1933022463614120/2567811600135200/?type=3&source=48&__tn__=EH-R,,1.43%,
17/04/2020,Uttarakhand,2831,40,2420,371,,,,,,420,https://m.facebook.com/story.php?story_fbid=2568731796709847&id=1665195163730186&__tn__=%2As%2As-R,,1.41%,
18/04/2020,Uttarakhand,3158,42,2710,406,604,,,,,446,https://m.facebook.com/UKMedicalHealth/photos/a.1933022463614120/2569600566622970/?type=3,,1.33%,
19/04/2020,Uttarakhand,3344,44,3046,255,,,,,,,https://m.facebook.com/UKMedicalHealth/photos/a.1933022463614120/2570573469859013/?type=3&source=48,,1.32%,
20/04/2020,Uttarakhand,3677,46,3228,469,,,,,,,http://health.uk.gov.in/files/2020.04.20_Health_Bulletin.pdf,,1.25%,
21/04/2020,Uttarakhand,4061,46,3445,570,,,,,,,http://health.uk.gov.in/files/2020.04.21_Health_Bulletin.pdf,,1.13%,
22/04/2020,Uttarakhand,4275,46,3664,,,,856,498,189,,http://health.uk.gov.in/files/2020.04.22_Health_Bulletin_Summary.pdf,,1.08%,
23/04/2020,Uttarakhand,4473,47,3879,265,,,,,,,http://health.uk.gov.in/files/2020.04.23_Health_Bulletin.pdf,,1.05%,
24/04/2020,Uttarakhand,4767,48,4239,327,,,,,,,http://health.uk.gov.in/files/2020.04.24_Health_Bulletin.pdf,,,
25/04/2020,Uttarakhand,,,,,,,,,,,,,,
26/04/2020,Uttarakhand,,,,,,,,,,,,,,
01/04/2020,West Bengal,659,37,568,54,,,,,,,https://www.wbhealth.gov.in/uploaded_files/corona/Bulletin_West_Bengal_01.04_.2020_.pdf,,5.61%,
04/04/2020,West Bengal,1042,,,,1125,786,,,,,,,0.00%,
06/04/2020,West Bengal,1301,,,,246,,,,,,https://www.wbhealth.gov.in/uploaded_files/corona/Bulletin_West_Bengal_06.04_.2020(1)_.pdf,,0.00%,
07/04/2020,West Bengal,1487,,,,262,,,,,,https://www.wbhealth.gov.in/uploaded_files/corona/Bulletin_West_Bengal_07.04_.2020_.pdf,,0.00%,
09/04/2020,West Bengal,1889,,,,1723,1345,,,,26025,https://www.wbhealth.gov.in/uploaded_files/corona/Bulletin_West_Bengal_09.04_.2020_.pdf,,0.00%,
10/04/2020,West Bengal,2095,,,,1840,1447,,,,27068,https://www.wbhealth.gov.in/uploaded_files/corona/Bulletin_West_Bengal_10.04_.2020_.pdf,,0.00%,
11/04/2020,West Bengal,2286,126,,,,,,,,28021,https://www.wbhealth.gov.in/uploaded_files/corona/Bulletin_West_Bengal_11.04_.2020_.pdf,https://www.mohfw.gov.in/,5.51%,
12/04/2020,West Bengal,2523,134,,,,,,,,29168,https://www.wbhealth.gov.in/uploaded_files/corona/Bulletin_West_Bengal_12.04_.2020_.pdf,https://www.mohfw.gov.in/,5.31%,
13/04/2020,West Bengal,2793,152,,,,,,,,30221,https://www.wbhealth.gov.in/uploaded_files/corona/Bulletin_West_Bengal_13.04_.2020_.pdf,https://www.mohfw.gov.in/,5.44%,
14/04/2020,West Bengal,3081,190,,,2395,1956,,,,31330,https://www.wbhealth.gov.in/uploaded_files/corona/Bulletin_West_Bengal_14.04_.2020_.pdf,https://www.mohfw.gov.in/,6.17%,
15/04/2020,West Bengal,3470,213,,,,,,,,32417,https://www.wbhealth.gov.in/uploaded_files/corona/Bulletin_West_Bengal_15.04_.2020_.pdf,https://www.mohfw.gov.in/,6.14%,
16/04/2020,West Bengal,3811,231,,,,,,,,33400,https://www.wbhealth.gov.in/uploaded_files/corona/Bulletin_West_Bengal_16.04_.2020_.pdf,https://www.mohfw.gov.in/,6.06%,
17/04/2020,West Bengal,4212,255,,,,,,,,34424,https://www.wbhealth.gov.in/uploaded_files/corona/Bulletin_West_Bengal_17.04_.2020_.pdf,https://www.mohfw.gov.in/,6.05%,
18/04/2020,West Bengal,4630,287,,,,,,,,35447,https://www.wbhealth.gov.in/uploaded_files/corona/Bulletin_West_Bengal_18.04_.2020_.pdf,https://www.mohfw.gov.in/,6.20%,
19/04/2020,West Bengal,5045,310,,,,,,,,36487,https://www.wbhealth.gov.in/uploaded_files/corona/Bulletin_West_Bengal_19.04_.2020_.pdf,https://www.mohfw.gov.in/,6.14%,
20/04/2020,West Bengal,5469,339,,,,,,,,37508,https://www.wbhealth.gov.in/uploaded_files/corona/Bulletin_West_Bengal_20.04_.2020_.pdf,https://www.mohfw.gov.in/,6.20%,
21/04/2020,West Bengal,6182,392,,,,,,,,38554,https://www.wbhealth.gov.in/uploaded_files/corona/Bulletin_West_Bengal_21.04_.2020_.pdf,,6.34%,
22/04/2020,West Bengal,7037,423,,,,,,,,39597,https://www.wbhealth.gov.in/uploaded_files/corona/Bulletin_West_Bengal_22.04_.2020_.pdf,https://www.mohfw.gov.in/,6.01%,
23/04/2020,West Bengal,7990,456,,,,,,,,40605,https://www.wbhealth.gov.in/uploaded_files/corona/Bulletin_West_Bengal_23.04_.2020_.pdf,https://www.mohfw.gov.in/,5.71%,
24/04/2020,West Bengal,8933,514,,,,,,,,41724,https://www.wbhealth.gov.in/uploaded_files/corona/Bulletin_West_Bengal_24.04_.2020_.pdf,https://www.mohfw.gov.in/,5.75%,
25/04/2020,West Bengal,,,,,,,,,,,,,,
26/04/2020,West Bengal,,,,,,,,,,,,,,