SlNo,State_Code,State,District_Key,District,Confirmed,Active,Recovered,Deceased,Migrated_Other,Delta_Confirmed,Delta_Active,Delta_Recovered,Delta_Deceased,District_Notes,Last_Updated
0,UN,State Unassigned,UN_Unassigned,Unassigned,0,0,0,0,0,0,0,0,0,,
1,AN,Andaman and Nicobar Islands,AN_Nicobars,Nicobars,0,0,0,0,0,0,0,0,0,District-wise numbers are out-dated as cumulative counts for each district are not reported in bulletin,
2,AN,Andaman and Nicobar Islands,AN_North and Middle Andaman,North and Middle Andaman,1,0,1,0,0,0,0,0,0,District-wise numbers are out-dated as cumulative counts for each district are not reported in bulletin,
3,AN,Andaman and Nicobar Islands,AN_South Andaman,South Andaman,51,19,32,0,0,0,0,0,0,District-wise numbers are out-dated as cumulative counts for each district are not reported in bulletin,
0,AP,Andhra Pradesh,AP_Foreign Evacuees,Foreign Evacuees,434,0,434,0,0,0,0,0,0,,
4,AP,Andhra Pradesh,AP_Anantapur,Anantapur,77279,5822,70821,636,0,395,91,300,4,,
5,AP,Andhra Pradesh,AP_Chittoor,Chittoor,110832,12790,97088,954,0,860,-170,1024,6,,
6,AP,Andhra Pradesh,AP_East Godavari,East Godavari,136570,10169,125736,665,0,1302,775,523,4,,
7,AP,Andhra Pradesh,AP_Guntur,Guntur,96930,9129,87091,710,0,1048,821,224,3,,
8,AP,Andhra Pradesh,AP_Krishna,Krishna,59129,6921,51459,749,0,310,249,58,3,,
9,AP,Andhra Pradesh,AP_Kurnool,Kurnool,73429,8017,64878,534,0,629,119,505,5,,
0,AP,Andhra Pradesh,AP_Other State,Other State,2461,0,2461,0,0,0,0,0,0,,
10,AP,Andhra Pradesh,AP_Prakasam,Prakasam,68916,4869,63435,612,0,522,324,196,2,,
11,AP,Andhra Pradesh,AP_S.P.S. Nellore,S.P.S. Nellore,75889,9077,66227,585,0,1592,1323,263,6,,
12,AP,Andhra Pradesh,AP_Srikakulam,Srikakulam,62084,12229,49476,379,0,906,369,534,3,,
13,AP,Andhra Pradesh,AP_Visakhapatnam,Visakhapatnam,74767,7692,66458,617,0,1030,559,468,3,,
14,AP,Andhra Pradesh,AP_Vizianagaram,Vizianagaram,47361,4302,42804,255,0,616,470,141,5,,
15,AP,Andhra Pradesh,AP_West Godavari,West Godavari,96454,1710,94189,555,0,188,175,9,4,,
16,AP,Andhra Pradesh,AP_Y.S.R. Kadapa,Y.S.R. Kadapa,60906,2404,58017,485,0,483,294,186,3,,
17,AR,Arunachal Pradesh,AR_Anjaw,Anjaw,207,3,204,0,0,0,0,0,0,,
18,AR,Arunachal Pradesh,AR_Changlang,Changlang,1306,21,1281,4,0,0,0,0,0,,
19,AR,Arunachal Pradesh,AR_East Kameng,East Kameng,307,3,304,0,0,0,0,0,0,,
20,AR,Arunachal Pradesh,AR_East Siang,East Siang,1189,43,1142,4,0,0,0,0,0,,
21,AR,Arunachal Pradesh,AR_Kamle,Kamle,30,0,30,0,0,0,0,0,0,,
22,AR,Arunachal Pradesh,AR_Kra Daadi,Kra Daadi,37,0,37,0,0,0,0,0,0,,
23,AR,Arunachal Pradesh,AR_Kurung Kumey,Kurung Kumey,117,0,117,0,0,0,0,0,0,,
24,AR,Arunachal Pradesh,AR_Lepa Rada,Lepa Rada,295,6,289,0,0,0,0,0,0,,
25,AR,Arunachal Pradesh,AR_Lohit,Lohit,588,12,576,0,0,0,0,0,0,,
26,AR,Arunachal Pradesh,AR_Longding,Longding,250,0,250,0,0,0,0,0,0,,
27,AR,Arunachal Pradesh,AR_Lower Dibang Valley,Lower Dibang Valley,645,141,502,2,0,0,0,0,0,,
28,AR,Arunachal Pradesh,AR_Lower Siang,Lower Siang,289,2,287,0,0,0,0,0,0,,
29,AR,Arunachal Pradesh,AR_Lower Subansiri,Lower Subansiri,402,21,380,1,0,0,0,0,0,,
30,AR,Arunachal Pradesh,AR_Namsai,Namsai,459,22,433,4,0,0,0,0,0,,
31,AR,Arunachal Pradesh,AR_Pakke Kessang,Pakke Kessang,136,4,132,0,0,0,0,0,0,,
32,AR,Arunachal Pradesh,AR_Papum Pare,Papum Pare,7074,198,6847,29,0,0,0,0,0,,
33,AR,Arunachal Pradesh,AR_Shi Yomi,Shi Yomi,104,0,104,0,0,0,0,0,0,,
34,AR,Arunachal Pradesh,AR_Siang,Siang,133,0,132,1,0,0,0,0,0,,
35,AR,Arunachal Pradesh,AR_Tawang,Tawang,516,21,493,2,0,0,0,0,0,,
36,AR,Arunachal Pradesh,AR_Tirap,Tirap,600,9,589,2,0,0,0,0,0,,
37,AR,Arunachal Pradesh,AR_Upper Dibang Valley,Upper Dibang Valley,23,0,23,0,0,0,0,0,0,,
38,AR,Arunachal Pradesh,AR_Upper Siang,Upper Siang,362,1,361,0,0,0,0,0,0,,
39,AR,Arunachal Pradesh,AR_Upper Subansiri,Upper Subansiri,447,4,441,2,0,0,0,0,0,,
40,AR,Arunachal Pradesh,AR_West Kameng,West Kameng,1054,63,987,4,0,0,0,0,0,,
41,AR,Arunachal Pradesh,AR_West Siang,West Siang,1037,7,1027,3,0,0,0,0,0,,
0,AS,Assam,AS_Airport Quarantine,Airport Quarantine,13,0,13,0,0,0,0,0,0,,
42,AS,Assam,AS_Baksa,Baksa,760,305,447,8,0,0,0,0,0,,
43,AS,Assam,AS_Barpeta,Barpeta,1454,416,1024,14,0,0,0,0,0,,
44,AS,Assam,AS_Biswanath,Biswanath,547,160,379,8,0,0,0,0,0,,
45,AS,Assam,AS_Bongaigaon,Bongaigaon,1530,689,834,7,0,0,0,0,0,,
46,AS,Assam,AS_Cachar,Cachar,6601,5059,1498,44,0,0,0,0,0,,
47,AS,Assam,AS_Charaideo,Charaideo,148,32,105,11,0,0,0,0,0,,
48,AS,Assam,AS_Chirang,Chirang,370,143,219,8,0,0,0,0,0,,
49,AS,Assam,AS_Darrang,Darrang,2221,473,1730,18,0,0,0,0,0,,
50,AS,Assam,AS_Dhemaji,Dhemaji,882,434,440,8,0,0,0,0,0,,
51,AS,Assam,AS_Dhubri,Dhubri,1806,579,1215,12,0,0,0,0,0,,
52,AS,Assam,AS_Dibrugarh,Dibrugarh,10437,7924,2409,104,0,0,0,0,0,,
53,AS,Assam,AS_Dima Hasao,Dima Hasao,274,73,199,2,0,0,0,0,0,,
54,AS,Assam,AS_Goalpara,Goalpara,882,38,568,10,0,0,0,0,0,,
55,AS,Assam,AS_Golaghat,Golaghat,4074,2372,1656,46,0,0,0,0,0,,
56,AS,Assam,AS_Hailakandi,Hailakandi,1661,538,1116,7,0,0,0,0,0,,
57,AS,Assam,AS_Hojai,Hojai,1852,676,1160,16,0,0,0,0,0,,
58,AS,Assam,AS_Jorhat,Jorhat,9176,7368,1752,56,0,0,0,0,0,,
59,AS,Assam,AS_Kamrup,Kamrup,5466,3354,2074,38,0,0,0,0,0,,
60,AS,Assam,AS_Kamrup Metropolitan,Kamrup Metropolitan,56185,40655,15370,160,0,0,0,0,0,,
61,AS,Assam,AS_Karbi Anglong,Karbi Anglong,869,306,552,11,0,0,0,0,0,,
62,AS,Assam,AS_Karimganj,Karimganj,1364,383,955,26,0,0,0,0,0,,
63,AS,Assam,AS_Kokrajhar,Kokrajhar,559,194,353,12,0,0,0,0,0,,
64,AS,Assam,AS_Lakhimpur,Lakhimpur,3128,1969,1135,24,0,0,0,0,0,,
65,AS,Assam,AS_Majuli,Majuli,175,89,80,6,0,0,0,0,0,,
66,AS,Assam,AS_Morigaon,Morigaon,826,260,557,9,0,0,0,0,0,,
67,AS,Assam,AS_Nagaon,Nagaon,5096,2564,2506,26,0,0,0,0,0,,
68,AS,Assam,AS_Nalbari,Nalbari,1194,349,828,17,0,0,0,0,0,,
0,AS,Assam,AS_Other State,Other State,19,18,1,0,0,0,0,0,0,,
69,AS,Assam,AS_Sivasagar,Sivasagar,738,230,473,35,0,0,0,0,0,,
70,AS,Assam,AS_Sonitpur,Sonitpur,3053,1306,1727,20,0,0,0,0,0,,
71,AS,Assam,AS_South Salmara Mankachar,South Salmara Mankachar,73,25,47,1,0,0,0,0,0,,
72,AS,Assam,AS_Tinsukia,Tinsukia,3869,2027,1798,44,0,0,0,0,0,,
73,AS,Assam,AS_Udalguri,Udalguri,843,169,666,8,0,0,0,0,0,,
74,AS,Assam,AS_West Karbi Anglong,West Karbi Anglong,47,9,37,1,0,0,0,0,0,,
75,BR,Bihar,BR_Araria,Araria,8617,805,7786,26,0,0,0,0,0,,
76,BR,Bihar,BR_Arwal,Arwal,3970,1064,2890,16,0,0,0,0,0,,
77,BR,Bihar,BR_Aurangabad,Aurangabad,10745,4029,6694,22,0,0,0,0,0,,
78,BR,Bihar,BR_Banka,Banka,4671,514,4120,37,0,0,0,0,0,,
79,BR,Bihar,BR_Begusarai,Begusarai,13279,3794,9445,40,0,0,0,0,0,,
80,BR,Bihar,BR_Bhagalpur,Bhagalpur,16810,3116,13548,146,0,0,0,0,0,,
81,BR,Bihar,BR_Bhojpur,Bhojpur,7255,1281,5914,60,0,0,0,0,0,,
82,BR,Bihar,BR_Buxar,Buxar,6058,1431,4604,23,0,0,0,0,0,,
83,BR,Bihar,BR_Darbhanga,Darbhanga,5569,914,4587,68,0,0,0,0,0,,
101,BR,Bihar,BR_East Champaran,East Champaran,11099,2077,8962,60,0,0,0,0,0,,
84,BR,Bihar,BR_Gaya,Gaya,18762,6931,11731,100,0,0,0,0,0,,
85,BR,Bihar,BR_Gopalganj,Gopalganj,7648,1305,6325,18,0,0,0,0,0,,
86,BR,Bihar,BR_Jamui,Jamui,4640,1099,3528,13,0,0,0,0,0,,
87,BR,Bihar,BR_Jehanabad,Jehanabad,7868,1861,5963,44,0,0,0,0,0,,
88,BR,Bihar,BR_Kaimur,Kaimur,3185,658,2516,11,0,0,0,0,0,,
89,BR,Bihar,BR_Katihar,Katihar,9237,1479,7738,20,0,0,0,0,0,,
90,BR,Bihar,BR_Khagaria,Khagaria,4619,1172,3429,18,0,0,0,0,0,,
91,BR,Bihar,BR_Kishanganj,Kishanganj,5346,679,4652,15,0,0,0,0,0,,
92,BR,Bihar,BR_Lakhisarai,Lakhisarai,5145,967,4168,10,0,0,0,0,0,,
93,BR,Bihar,BR_Madhepura,Madhepura,6553,1306,5221,26,0,0,0,0,0,,
94,BR,Bihar,BR_Madhubani,Madhubani,9661,1385,8233,43,0,0,0,0,0,,
95,BR,Bihar,BR_Munger,Munger,7950,2502,5374,74,0,0,0,0,0,,
96,BR,Bihar,BR_Muzaffarpur,Muzaffarpur,18537,5078,13363,96,0,0,0,0,0,,
97,BR,Bihar,BR_Nalanda,Nalanda,11540,2089,9367,84,0,0,0,0,0,,
98,BR,Bihar,BR_Nawada,Nawada,6273,1291,4944,38,0,0,0,0,0,,
100,BR,Bihar,BR_Patna,Patna,90207,16441,73149,617,0,0,0,0,0,,
102,BR,Bihar,BR_Purnia,Purnia,12888,2454,10405,29,0,0,0,0,0,,
103,BR,Bihar,BR_Rohtas,Rohtas,9498,1926,7524,48,0,0,0,0,0,,
104,BR,Bihar,BR_Saharsa,Saharsa,9562,1675,7869,18,0,0,0,0,0,,
105,BR,Bihar,BR_Samastipur,Samastipur,8061,1589,6429,43,0,0,0,0,0,,
106,BR,Bihar,BR_Saran,Saran,12969,4348,8548,73,0,0,0,0,0,,
107,BR,Bihar,BR_Sheikhpura,Sheikhpura,3958,534,3405,19,0,0,0,0,0,,
108,BR,Bihar,BR_Sheohar,Sheohar,2063,420,1641,2,0,0,0,0,0,,
109,BR,Bihar,BR_Sitamarhi,Sitamarhi,5568,803,4745,20,0,0,0,0,0,,
110,BR,Bihar,BR_Siwan,Siwan,7969,1981,5942,46,0,0,0,0,0,,
111,BR,Bihar,BR_Supaul,Supaul,7468,1520,5921,27,0,0,0,0,0,,
112,BR,Bihar,BR_Vaishali,Vaishali,8568,1938,6569,60,1,0,0,0,0,,
99,BR,Bihar,BR_West Champaran,West Champaran,9780,2698,7037,45,0,0,0,0,0,,
113,CH,Chandigarh,CH_Chandigarh,Chandigarh,39513,5575,33498,440,0,821,339,477,5,,
0,CT,Chhattisgarh,CT_Other State,Other State,606,90,436,80,0,0,0,0,0,,
114,CT,Chhattisgarh,CT_Balod,Balod,17738,3148,14409,181,0,0,0,0,0,,
115,CT,Chhattisgarh,CT_Baloda Bazar,Baloda Bazar,24709,8668,15826,215,0,0,0,0,0,,
116,CT,Chhattisgarh,CT_Balrampur,Balrampur,7460,1931,5500,29,0,0,0,0,0,,
117,CT,Chhattisgarh,CT_Bametara,Bametara,14248,4132,9996,120,0,0,0,0,0,,
118,CT,Chhattisgarh,CT_Bastar,Bastar,12983,1468,11408,107,0,0,0,0,0,,
119,CT,Chhattisgarh,CT_Bijapur,Bijapur,4530,243,4259,28,0,0,0,0,0,,
120,CT,Chhattisgarh,CT_Bilaspur,Bilaspur,45209,8542,36117,550,0,0,0,0,0,,
121,CT,Chhattisgarh,CT_Dakshin Bastar Dantewada,Dakshin Bastar Dantewada,7188,367,6803,18,0,0,0,0,0,,
122,CT,Chhattisgarh,CT_Dhamtari,Dhamtari,17175,4352,12529,294,0,0,0,0,0,,
123,CT,Chhattisgarh,CT_Durg,Durg,79185,11231,66713,1241,0,0,0,0,0,,
124,CT,Chhattisgarh,CT_Gariaband,Gariaband,12447,3148,9196,103,0,0,0,0,0,,
125,CT,Chhattisgarh,CT_Janjgir Champa,Janjgir Champa,33051,7090,25601,360,0,0,0,0,0,,
126,CT,Chhattisgarh,CT_Jashpur,Jashpur,11535,3068,8386,81,0,0,0,0,0,,
127,CT,Chhattisgarh,CT_Kabeerdham,Kabeerdham,13913,5173,8612,128,0,0,0,0,0,,
128,CT,Chhattisgarh,CT_Kondagaon,Kondagaon,7212,879,6285,48,0,0,0,0,0,,
129,CT,Chhattisgarh,CT_Korba,Korba,32600,6535,25805,260,0,0,0,0,0,,
130,CT,Chhattisgarh,CT_Koriya,Koriya,10675,1971,8639,65,0,0,0,0,0,,
131,CT,Chhattisgarh,CT_Mahasamund,Mahasamund,19908,4958,14730,220,0,0,0,0,0,,
132,CT,Chhattisgarh,CT_Mungeli,Mungeli,10700,4307,6353,40,0,0,0,0,0,,
133,CT,Chhattisgarh,CT_Narayanpur,Narayanpur,2299,177,2120,2,0,0,0,0,0,,
134,CT,Chhattisgarh,CT_Raigarh,Raigarh,37147,8248,28466,433,0,0,0,0,0,,
135,CT,Chhattisgarh,CT_Raipur,Raipur,133970,15209,116693,2068,0,0,0,0,0,,
136,CT,Chhattisgarh,CT_Rajnandgaon,Rajnandgaon,44042,7273,36466,303,0,0,0,0,0,,
137,CT,Chhattisgarh,CT_Sukma,Sukma,4381,180,4191,10,0,0,0,0,0,,
138,CT,Chhattisgarh,CT_Surajpur,Surajpur,12688,2346,10280,62,0,0,0,0,0,,
139,CT,Chhattisgarh,CT_Surguja,Surguja,17287,3266,13881,140,0,0,0,0,0,,
140,CT,Chhattisgarh,CT_Uttar Bastar Kanker,Uttar Bastar Kanker,12798,3487,9202,109,0,0,0,0,0,,
766,CT,Chhattisgarh,CT_Gaurela Pendra Marwahi,Gaurela Pendra Marwahi,4678,2348,2315,15,0,0,0,0,0,,
144,DL,Delhi,DL_Central Delhi,Central Delhi,184,184,0,0,0,0,0,0,0,District-wise numbers are out-dated as cumulative counts for each district are not reported in bulletin,
145,DL,Delhi,DL_East Delhi,East Delhi,38,38,0,0,0,0,0,0,0,District-wise numbers are out-dated as cumulative counts for each district are not reported in bulletin,
146,DL,Delhi,DL_New Delhi,New Delhi,37,37,0,0,0,0,0,0,0,District-wise numbers are out-dated as cumulative counts for each district are not reported in bulletin,
147,DL,Delhi,DL_North Delhi,North Delhi,60,60,0,0,0,0,0,0,0,District-wise numbers are out-dated as cumulative counts for each district are not reported in bulletin,
148,DL,Delhi,DL_North East Delhi,North East Delhi,25,25,0,0,0,0,0,0,0,District-wise numbers are out-dated as cumulative counts for each district are not reported in bulletin,
149,DL,Delhi,DL_North West Delhi,North West Delhi,32,31,0,1,0,0,0,0,0,District-wise numbers are out-dated as cumulative counts for each district are not reported in bulletin,
150,DL,Delhi,DL_Shahdara,Shahdara,48,48,0,0,0,0,0,0,0,District-wise numbers are out-dated as cumulative counts for each district are not reported in bulletin,
151,DL,Delhi,DL_South Delhi,South Delhi,70,70,0,0,0,0,0,0,0,District-wise numbers are out-dated as cumulative counts for each district are not reported in bulletin,
152,DL,Delhi,DL_South East Delhi,South East Delhi,130,130,0,0,0,0,0,0,0,District-wise numbers are out-dated as cumulative counts for each district are not reported in bulletin,
153,DL,Delhi,DL_South West Delhi,South West Delhi,42,42,0,0,0,0,0,0,0,District-wise numbers are out-dated as cumulative counts for each district are not reported in bulletin,
154,DL,Delhi,DL_West Delhi,West Delhi,122,122,0,0,0,0,0,0,0,District-wise numbers are out-dated as cumulative counts for each district are not reported in bulletin,
0,DN,Dadra and Nagar Haveli and Daman and Diu,DN_Other State,Other State,0,0,0,0,0,0,0,0,0,,
141,DN,Dadra and Nagar Haveli and Daman and Diu,DN_Dadra and Nagar Haveli,Dadra and Nagar Haveli,3977,1553,2416,3,5,75,-20,95,0,,
142,DN,Dadra and Nagar Haveli and Daman and Diu,DN_Daman,Daman,2348,479,1842,1,26,52,33,19,0,,
143,DN,Dadra and Nagar Haveli and Daman and Diu,DN_Diu,Diu,312,0,312,0,0,0,0,0,0,,
0,GA,Goa,GA_Other State,Other State,200,9,190,1,0,0,0,0,0,District-wise numbers are out-dated as cumulative counts for each district are not reported in bulletin,
155,GA,Goa,GA_North Goa,North Goa,2668,1639,964,65,0,0,0,0,0,District-wise numbers are out-dated as cumulative counts for each district are not reported in bulletin,
156,GA,Goa,GA_South Goa,South Goa,3511,1978,1407,126,0,0,0,0,0,District-wise numbers are out-dated as cumulative counts for each district are not reported in bulletin,
0,GJ,Gujarat,GJ_Other State,Other State,162,0,159,3,0,0,0,0,0,,
157,GJ,Gujarat,GJ_Ahmedabad,Ahmedabad,138305,48555,86959,2791,0,0,0,0,0,,
158,GJ,Gujarat,GJ_Amreli,Amreli,5732,572,5117,43,0,0,0,0,0,,
159,GJ,Gujarat,GJ_Anand,Anand,4344,820,3503,21,0,0,0,0,0,,
160,GJ,Gujarat,GJ_Aravalli,Aravalli,1993,560,1398,35,0,0,0,0,0,,
161,GJ,Gujarat,GJ_Banaskantha,Banaskantha,7811,1164,6572,75,0,0,0,0,0,,
162,GJ,Gujarat,GJ_Bharuch,Bharuch,6880,1716,5118,46,0,0,0,0,0,,
163,GJ,Gujarat,GJ_Bhavnagar,Bhavnagar,10962,2706,8136,120,0,0,0,0,0,,
164,GJ,Gujarat,GJ_Botad,Botad,1596,349,1224,23,0,0,0,0,0,,
165,GJ,Gujarat,GJ_Chhota Udaipur,Chhota Udaipur,1584,224,1349,11,0,0,0,0,0,,
167,GJ,Gujarat,GJ_Dahod,Dahod,5390,682,4696,12,0,0,0,0,0,,
187,GJ,Gujarat,GJ_Dang,Dang,485,109,365,11,0,0,0,0,0,,
166,GJ,Gujarat,GJ_Devbhumi Dwarka,Devbhumi Dwarka,1974,594,1356,24,0,0,0,0,0,,
168,GJ,Gujarat,GJ_Gandhinagar,Gandhinagar,13261,1942,11172,147,0,0,0,0,0,,
169,GJ,Gujarat,GJ_Gir Somnath,Gir Somnath,3639,606,3007,26,0,0,0,0,0,,
170,GJ,Gujarat,GJ_Jamnagar,Jamnagar,19216,3713,15377,126,0,0,0,0,0,,
171,GJ,Gujarat,GJ_Junagadh,Junagadh,8475,1184,7233,58,0,0,0,0,0,,
173,GJ,Gujarat,GJ_Kheda,Kheda,5481,866,4593,22,0,0,0,0,0,,
172,GJ,Gujarat,GJ_Kutch,Kutch,7233,1755,5442,36,0,0,0,0,0,,
175,GJ,Gujarat,GJ_Mahisagar,Mahisagar,3857,936,2897,24,0,0,0,0,0,,
174,GJ,Gujarat,GJ_Mehsana,Mehsana,13419,4041,9311,67,0,0,0,0,0,,
176,GJ,Gujarat,GJ_Morbi,Morbi,4788,688,4044,56,0,0,0,0,0,,
177,GJ,Gujarat,GJ_Narmada,Narmada,3647,694,2951,2,0,0,0,0,0,,
178,GJ,Gujarat,GJ_Navsari,Navsari,3417,1008,2401,8,0,0,0,0,0,,
179,GJ,Gujarat,GJ_Panchmahal,Panchmahal,6316,838,5446,32,0,0,0,0,0,,
180,GJ,Gujarat,GJ_Patan,Patan,7459,1428,5966,65,0,0,0,0,0,,
181,GJ,Gujarat,GJ_Porbandar,Porbandar,1147,204,937,6,0,0,0,0,0,,
182,GJ,Gujarat,GJ_Rajkot,Rajkot,40557,4879,35291,387,0,0,0,0,0,,
183,GJ,Gujarat,GJ_Sabarkantha,Sabarkantha,4896,1073,3770,53,0,0,0,0,0,,
184,GJ,Gujarat,GJ_Surat,Surat,104584,22127,80973,1484,0,0,0,0,0,,
185,GJ,Gujarat,GJ_Surendranagar,Surendranagar,5110,985,4063,62,0,0,0,0,0,,
186,GJ,Gujarat,GJ_Tapi,Tapi,2483,918,1556,9,0,0,0,0,0,,
188,GJ,Gujarat,GJ_Vadodara,Vadodara,47090,6238,40427,425,0,0,0,0,0,,
189,GJ,Gujarat,GJ_Valsad,Valsad,2740,832,1890,18,0,0,0,0,0,,
212,HP,Himachal Pradesh,HP_Bilaspur,Bilaspur,4727,843,3853,30,1,85,85,0,0,,
213,HP,Himachal Pradesh,HP_Chamba,Chamba,3872,352,3455,57,8,73,73,0,0,One death of COVID-19 positive patient has occured due to non-covid reasons,
214,HP,Himachal Pradesh,HP_Hamirpur,Hamirpur,5621,1079,4463,78,1,107,22,84,1,,
215,HP,Himachal Pradesh,HP_Kangra,Kangra,15257,3336,11598,321,2,409,174,229,6,Death of Tibetan refugee on March 22 included in Kangra district's tally,
216,HP,Himachal Pradesh,HP_Kinnaur,Kinnaur,1625,125,1483,17,0,21,2,19,0,,
217,HP,Himachal Pradesh,HP_Kullu,Kullu,5513,535,4864,92,22,80,39,40,1,,
218,HP,Himachal Pradesh,HP_Lahaul and Spiti,Lahaul and Spiti,1735,212,1510,13,0,33,33,0,0,,
219,HP,Himachal Pradesh,HP_Mandi,Mandi,13080,1341,11573,166,0,257,161,91,5,,
220,HP,Himachal Pradesh,HP_Shimla,Shimla,13759,1581,11847,327,4,180,12,162,6,One death of COVID-19 positive patient has occured due to non-covid reasons,
221,HP,Himachal Pradesh,HP_Sirmaur,Sirmaur,6165,1380,4729,56,0,125,48,75,2,,
222,HP,Himachal Pradesh,HP_Solan,Solan,11610,2523,8995,92,0,256,115,138,3,,
223,HP,Himachal Pradesh,HP_Una,Una,6229,1019,5108,101,1,66,-20,83,3,,
0,HR,Haryana,HR_Foreign Evacuees,Foreign Evacuees,0,0,0,0,0,0,0,0,0,,
190,HR,Haryana,HR_Ambala,Ambala,19272,2947,16118,207,0,338,163,171,4,,
191,HR,Haryana,HR_Bhiwani,Bhiwani,8964,1336,7445,183,0,253,-5,254,4,,
192,HR,Haryana,HR_Charkhi Dadri,Charkhi Dadri,2130,499,1605,26,0,29,15,14,0,,
193,HR,Haryana,HR_Faridabad,Faridabad,66839,10600,55747,492,0,1545,947,592,6,,
194,HR,Haryana,HR_Fatehabad,Fatehabad,8229,1953,6108,168,0,188,71,111,6,,
195,HR,Haryana,HR_Gurugram,Gurugram,106853,27317,79100,436,0,3555,2232,1316,7,,
196,HR,Haryana,HR_Hisar,Hisar,26389,5791,20203,395,0,908,424,475,9,,
0,HR,Haryana,HR_Italians,Italians,0,0,0,0,0,0,0,0,0,,
197,HR,Haryana,HR_Jhajjar,Jhajjar,8892,1073,7711,108,0,205,-23,228,0,,
198,HR,Haryana,HR_Jind,Jind,10164,2230,7788,146,0,418,414,0,4,,
199,HR,Haryana,HR_Kaithal,Kaithal,6549,494,5965,90,0,80,-36,114,2,,
200,HR,Haryana,HR_Karnal,Karnal,24133,4597,19316,220,0,673,222,448,3,,
201,HR,Haryana,HR_Kurukshetra,Kurukshetra,15738,2201,13363,174,0,193,-30,221,2,,
202,HR,Haryana,HR_Mahendragarh,Mahendragarh,8037,987,7028,22,0,389,330,59,0,,
203,HR,Haryana,HR_Nuh,Nuh,2149,214,1900,35,0,46,-5,50,1,,
204,HR,Haryana,HR_Palwal,Palwal,5131,309,4782,40,0,48,11,37,0,,
205,HR,Haryana,HR_Panchkula,Panchkula,19539,2676,16678,185,0,434,51,381,2,,
206,HR,Haryana,HR_Panipat,Panipat,17563,3820,13545,198,0,523,255,265,3,,
207,HR,Haryana,HR_Rewari,Rewari,12747,452,12212,83,0,102,-48,147,3,,
208,HR,Haryana,HR_Rohtak,Rohtak,15328,1208,13953,167,0,259,40,215,4,,
209,HR,Haryana,HR_Sirsa,Sirsa,12206,2011,10050,145,0,225,-17,235,7,,
210,HR,Haryana,HR_Sonipat,Sonipat,25506,5422,19961,123,0,711,120,585,6,,
211,HR,Haryana,HR_Yamunanagar,Yamunanagar,13465,1329,11937,199,0,382,87,293,2,,
246,JH,Jharkhand,JH_Bokaro,Bokaro,10257,1794,8370,93,0,0,0,0,0,,
247,JH,Jharkhand,JH_Chatra,Chatra,2755,1002,1732,21,0,0,0,0,0,,
248,JH,Jharkhand,JH_Deoghar,Deoghar,6313,1300,4980,33,0,0,0,0,0,,
249,JH,Jharkhand,JH_Dhanbad,Dhanbad,11009,1702,9121,186,0,0,0,0,0,,
250,JH,Jharkhand,JH_Dumka,Dumka,3151,1042,2080,29,0,0,0,0,0,,
264,JH,Jharkhand,JH_East Singhbhum,East Singhbhum,29548,6482,22546,520,0,0,0,0,0,,
251,JH,Jharkhand,JH_Garhwa,Garhwa,3838,587,3227,24,0,0,0,0,0,,
252,JH,Jharkhand,JH_Giridih,Giridih,4338,426,3887,25,0,0,0,0,0,,
253,JH,Jharkhand,JH_Godda,Godda,3393,525,2835,33,0,0,0,0,0,,
254,JH,Jharkhand,JH_Gumla,Gumla,4429,1390,3023,16,0,0,0,0,0,,
255,JH,Jharkhand,JH_Hazaribagh,Hazaribagh,8506,3031,5421,54,0,0,0,0,0,,
256,JH,Jharkhand,JH_Jamtara,Jamtara,2741,909,1819,13,0,0,0,0,0,,
257,JH,Jharkhand,JH_Khunti,Khunti,4108,1143,2947,18,0,0,0,0,0,,
258,JH,Jharkhand,JH_Koderma,Koderma,7238,2382,4795,61,0,0,0,0,0,,
259,JH,Jharkhand,JH_Latehar,Latehar,3378,1279,2079,20,0,0,0,0,0,,
260,JH,Jharkhand,JH_Lohardaga,Lohardaga,3026,902,2103,21,0,0,0,0,0,,
261,JH,Jharkhand,JH_Pakur,Pakur,1319,126,1189,4,0,0,0,0,0,,
262,JH,Jharkhand,JH_Palamu,Palamu,5338,1277,4022,39,0,0,0,0,0,,
265,JH,Jharkhand,JH_Ramgarh,Ramgarh,7861,2399,5396,66,0,0,0,0,0,,
266,JH,Jharkhand,JH_Ranchi,Ranchi,61146,15457,45100,589,0,0,0,0,0,,
267,JH,Jharkhand,JH_Sahibganj,Sahibganj,3415,447,2942,26,0,0,0,0,0,,
268,JH,Jharkhand,JH_Saraikela-Kharsawan,Saraikela-Kharsawan,4603,741,3844,18,0,0,0,0,0,,
269,JH,Jharkhand,JH_Simdega,Simdega,3371,795,2553,23,0,0,0,0,0,,
263,JH,Jharkhand,JH_West Singhbhum,West Singhbhum,6666,967,5640,59,0,0,0,0,0,,
224,JK,Jammu and Kashmir,JK_Anantnag,Anantnag,6229,706,5419,104,0,93,60,31,2,,
226,JK,Jammu and Kashmir,JK_Bandipora,Bandipora,5171,219,4888,64,0,53,25,27,1,,
227,JK,Jammu and Kashmir,JK_Baramulla,Baramulla,11771,1651,9928,192,0,136,58,76,2,,
225,JK,Jammu and Kashmir,JK_Budgam,Budgam,9820,918,8774,128,0,133,46,85,2,,
228,JK,Jammu and Kashmir,JK_Doda,Doda,3651,144,3442,65,0,33,32,1,0,,
229,JK,Jammu and Kashmir,JK_Ganderbal,Ganderbal,5188,341,4798,49,0,43,15,28,0,,
230,JK,Jammu and Kashmir,JK_Jammu,Jammu,32647,5089,27117,441,0,472,251,211,10,,
231,JK,Jammu and Kashmir,JK_Kathua,Kathua,4192,426,3707,59,0,33,-13,46,0,,
232,JK,Jammu and Kashmir,JK_Kishtwar,Kishtwar,2873,50,2801,22,0,13,-18,31,0,,
233,JK,Jammu and Kashmir,JK_Kulgam,Kulgam,3775,749,2967,59,0,139,114,25,0,,
234,JK,Jammu and Kashmir,JK_Kupwara,Kupwara,6614,589,5926,99,0,81,73,8,0,,
235,JK,Jammu and Kashmir,JK_Mirpur,Mirpur,0,0,0,0,0,0,0,0,0,,
236,JK,Jammu and Kashmir,JK_Muzaffarabad,Muzaffarabad,0,0,0,0,0,0,0,0,0,,
237,JK,Jammu and Kashmir,JK_Pulwama,Pulwama,6764,613,6053,98,0,26,24,0,2,,
238,JK,Jammu and Kashmir,JK_Punch,Punch,2817,220,2566,31,0,22,12,10,0,,
239,JK,Jammu and Kashmir,JK_Rajouri,Rajouri,4475,515,3900,60,0,46,39,6,1,,
240,JK,Jammu and Kashmir,JK_Ramban,Ramban,2424,161,2240,23,0,4,-5,9,0,,
241,JK,Jammu and Kashmir,JK_Reasi,Reasi,3223,1028,2177,18,0,135,49,85,1,,
242,JK,Jammu and Kashmir,JK_Samba,Samba,3334,425,2863,46,0,13,4,9,0,,
243,JK,Jammu and Kashmir,JK_Shopiyan,Shopiyan,2855,147,2667,41,0,8,-1,9,0,,
244,JK,Jammu and Kashmir,JK_Srinagar,Srinagar,39394,6180,32704,510,0,632,330,300,2,,
245,JK,Jammu and Kashmir,JK_Udhampur,Udhampur,5673,430,5180,63,0,20,-52,70,2,,
270,KA,Karnataka,KA_Bagalkote,Bagalkote,15715,1040,14534,141,0,0,0,0,0,,
271,KA,Karnataka,KA_Ballari,Ballari,46635,5536,40443,656,0,0,0,0,0,,
272,KA,Karnataka,KA_Belagavi,Belagavi,30545,2069,28117,359,0,0,0,0,0,,
274,KA,Karnataka,KA_Bengaluru Rural,Bengaluru Rural,25720,4682,20829,209,0,0,0,0,0,,
273,KA,Karnataka,KA_Bengaluru Urban,Bengaluru Urban,653656,180542,467313,5800,1,0,0,0,0,,
275,KA,Karnataka,KA_Bidar,Bidar,15905,3353,12322,226,4,0,0,0,0,,
276,KA,Karnataka,KA_Chamarajanagara,Chamarajanagara,9373,1528,7703,131,11,0,0,0,0,,
277,KA,Karnataka,KA_Chikkaballapura,Chikkaballapura,17735,2681,14922,131,1,0,0,0,0,,
278,KA,Karnataka,KA_Chikkamagaluru,Chikkamagaluru,16311,1506,14660,145,0,0,0,0,0,,
279,KA,Karnataka,KA_Chitradurga,Chitradurga,16631,861,15699,71,0,0,0,0,0,,
280,KA,Karnataka,KA_Dakshina Kannada,Dakshina Kannada,41284,3975,36561,746,2,0,0,0,0,,
281,KA,Karnataka,KA_Davanagere,Davanagere,24855,1542,23046,267,0,0,0,0,0,,
282,KA,Karnataka,KA_Dharwad,Dharwad,27799,2811,24311,677,0,0,0,0,0,,
283,KA,Karnataka,KA_Gadag,Gadag,12103,498,11464,141,0,0,0,0,0,,
284,KA,Karnataka,KA_Hassan,Hassan,35708,4537,30718,453,0,0,0,0,0,,
285,KA,Karnataka,KA_Haveri,Haveri,11823,430,11190,203,0,0,0,0,0,,
286,KA,Karnataka,KA_Kalaburagi,Kalaburagi,34454,7087,26935,432,0,0,0,0,0,,
287,KA,Karnataka,KA_Kodagu,Kodagu,8841,2089,6672,80,0,0,0,0,0,,
288,KA,Karnataka,KA_Kolar,Kolar,15007,2752,12055,200,0,0,0,0,0,,
289,KA,Karnataka,KA_Koppal,Koppal,15839,1228,14329,282,0,0,0,0,0,,
290,KA,Karnataka,KA_Mandya,Mandya,25767,3581,22002,184,0,0,0,0,0,,
291,KA,Karnataka,KA_Mysuru,Mysuru,66692,5040,60499,1153,0,0,0,0,0,,
0,KA,Karnataka,KA_Other State,Other State,36,0,33,3,0,0,0,0,0,,
292,KA,Karnataka,KA_Raichur,Raichur,18133,3071,14899,163,0,0,0,0,0,,
293,KA,Karnataka,KA_Ramanagara,Ramanagara,9650,1464,8101,85,0,0,0,0,0,,
294,KA,Karnataka,KA_Shivamogga,Shivamogga,25629,2141,23125,363,0,0,0,0,0,,
295,KA,Karnataka,KA_Tumakuru,Tumakuru,39166,8988,29737,441,0,0,0,0,0,,
296,KA,Karnataka,KA_Udupi,Udupi,28761,1566,27001,194,0,0,0,0,0,,
297,KA,Karnataka,KA_Uttara Kannada,Uttara Kannada,17338,1205,15938,195,0,0,0,0,0,,
298,KA,Karnataka,KA_Vijayapura,Vijayapura,19357,2926,16206,225,0,0,0,0,0,,
299,KA,Karnataka,KA_Yadgir,Yadgir,12733,1433,11230,70,0,0,0,0,0,,
0,KL,Kerala,KL_Other State,Other State,0,0,0,0,0,0,0,0,0,,
300,KL,Kerala,KL_Alappuzha,Alappuzha,97904,10348,87079,451,26,1183,491,688,4,,
301,KL,Kerala,KL_Ernakulam,Ernakulam,175127,37495,137107,493,32,2515,1713,801,1,,
302,KL,Kerala,KL_Idukki,Idukki,39669,9598,30013,52,6,779,429,350,0,,
303,KL,Kerala,KL_Kannur,Kannur,82233,17844,63970,384,35,1618,929,683,6,,
304,KL,Kerala,KL_Kasaragod,Kasaragod,43991,9736,34123,123,9,1086,663,423,0,,
305,KL,Kerala,KL_Kollam,Kollam,105707,7233,98078,372,24,741,443,295,3,,
306,KL,Kerala,KL_Kottayam,Kottayam,109048,18941,89839,257,11,1275,987,286,2,,
307,KL,Kerala,KL_Kozhikode,Kozhikode,169888,29828,139439,590,31,3251,2173,1074,4,,
308,KL,Kerala,KL_Malappuram,Malappuram,152864,23090,129274,479,21,2455,1628,825,2,,
309,KL,Kerala,KL_Palakkad,Palakkad,78492,14983,63306,191,12,1342,1022,320,0,,
310,KL,Kerala,KL_Pathanamthitta,Pathanamthitta,71099,8993,61956,142,8,457,42,414,1,,
311,KL,Kerala,KL_Thiruvananthapuram,Thiruvananthapuram,132074,16192,114838,951,93,2272,1464,806,2,,
312,KL,Kerala,KL_Thrissur,Thrissur,132543,21041,110931,553,18,2416,1552,861,3,,
313,KL,Kerala,KL_Wayanad,Wayanad,36907,7486,29314,101,6,500,383,117,0,,
314,LA,Ladakh,LA_Kargil,Kargil,2331,101,2186,44,0,0,0,0,0,,
315,LA,Ladakh,LA_Leh,Leh,11026,1926,9006,94,0,0,0,0,0,,
316,LD,Lakshadweep,LD_Lakshadweep,Lakshadweep,2247,1179,1060,1,7,121,2,119,0,,
369,MH,Maharashtra,MH_Ahmednagar,Ahmednagar,158871,24117,132928,1825,1,2771,1800,930,41,,
370,MH,Maharashtra,MH_Akola,Akola,38662,4748,33310,600,4,194,-75,264,5,,
371,MH,Maharashtra,MH_Amravati,Amravati,61219,6539,53835,843,2,540,-241,767,14,,
372,MH,Maharashtra,MH_Aurangabad,Aurangabad,119172,14750,102732,1676,14,877,-1574,2393,58,,
374,MH,Maharashtra,MH_Beed,Beed,49292,13684,34756,843,9,1099,656,421,22,,
373,MH,Maharashtra,MH_Bhandara,Bhandara,46146,11265,34456,422,3,721,687,33,1,,
375,MH,Maharashtra,MH_Buldhana,Buldhana,41100,4694,36046,355,5,851,851,0,0,,
376,MH,Maharashtra,MH_Chandrapur,Chandrapur,55651,23800,31255,594,2,1399,1038,359,2,,
377,MH,Maharashtra,MH_Dhule,Dhule,36470,6648,29380,434,8,204,-640,844,0,,
378,MH,Maharashtra,MH_Gadchiroli,Gadchiroli,17671,3818,13676,169,8,365,76,279,10,,
379,MH,Maharashtra,MH_Gondia,Gondia,30477,8399,21755,317,6,597,-787,1379,5,,
380,MH,Maharashtra,MH_Hingoli,Hingoli,12644,1799,10698,147,0,239,-35,274,0,,
381,MH,Maharashtra,MH_Jalgaon,Jalgaon,114316,13064,99385,1839,28,819,-435,1254,0,,
382,MH,Maharashtra,MH_Jalna,Jalna,41197,7510,33091,595,1,698,165,515,18,,
383,MH,Maharashtra,MH_Kolhapur,Kolhapur,62258,6837,53664,1754,3,774,516,257,1,,
384,MH,Maharashtra,MH_Latur,Latur,66860,11961,53860,1035,4,1053,-8507,9539,21,,
385,MH,Maharashtra,MH_Mumbai,Mumbai,631484,72230,544958,12861,1435,3840,-3245,7014,71,"[Sep 9]After reconciling COVID-19 cases in Mumbai, owing to the removal of duplicates and change of addresses as per the original residence, 239 cases have been removed from the progressive figures.",
386,MH,Maharashtra,MH_Mumbai Suburban,Mumbai Suburban,0,0,0,0,0,0,0,0,0,,
387,MH,Maharashtra,MH_Nagpur,Nagpur,391327,78522,307890,4869,46,5879,-2102,7943,38,District administration provides number of persons tested instead of the number of samples tested.,
388,MH,Maharashtra,MH_Nanded,Nanded,78134,10906,65704,1516,8,851,-636,1462,25,Number of active cases differs in the state bulletin and district bulletin. We follow the state bulletin.,
389,MH,Maharashtra,MH_Nandurbar,Nandurbar,31553,5951,25139,462,1,245,-307,550,2,,
390,MH,Maharashtra,MH_Nashik,Nashik,286503,43109,240511,2882,1,4437,211,4209,17,Number of active cases differs in the state bulletin and district bulletin. We follow the state bulletin.,
391,MH,Maharashtra,MH_Osmanabad,Osmanabad,35898,7833,27202,845,18,542,315,209,18,,
0,MH,Maharashtra,MH_Other State,Other State,146,26,0,118,2,0,0,0,0,,
392,MH,Maharashtra,MH_Palghar,Palghar,82519,16290,65001,1218,10,987,-821,1808,0,,
393,MH,Maharashtra,MH_Parbhani,Parbhani,32085,11487,20058,529,11,505,298,201,6,,
394,MH,Maharashtra,MH_Pune,Pune,802807,99977,693741,9034,55,6162,-7526,13674,14,Number of active cases differs in the state bulletin and district bulletin. We follow the state bulletin.,
395,MH,Maharashtra,MH_Raigad,Raigad,115549,14889,98638,2020,2,1134,398,694,42,Number of active cases differs in the state bulletin and district bulletin. We follow the state bulletin.,
396,MH,Maharashtra,MH_Ratnagiri,Ratnagiri,20200,6216,13483,499,2,536,170,366,0,,
397,MH,Maharashtra,MH_Sangli,Sangli,73631,11185,60456,1988,2,1088,7,1072,9,,
398,MH,Maharashtra,MH_Satara,Satara,94674,17014,75493,2158,9,1408,-479,1868,19,,
399,MH,Maharashtra,MH_Sindhudurg,Sindhudurg,11753,2669,8796,288,0,191,-440,618,13,,
400,MH,Maharashtra,MH_Solapur,Solapur,98013,15081,80537,2336,59,1523,-370,1885,8,,
401,MH,Maharashtra,MH_Thane,Thane,496030,76831,412512,6656,31,3722,-3057,6762,17,,
402,MH,Maharashtra,MH_Wardha,Wardha,38363,6116,31680,487,80,493,-165,657,1,,
403,MH,Maharashtra,MH_Washim,Washim,25463,3321,21897,242,3,250,-258,503,5,,
404,MH,Maharashtra,MH_Yavatmal,Yavatmal,45589,11484,33273,828,4,1706,952,733,21,,
421,ML,Meghalaya,ML_East Garo Hills,East Garo Hills,344,4,339,1,0,0,-1,1,0,,
422,ML,Meghalaya,ML_East Jaintia Hills,East Jaintia Hills,629,59,570,0,0,15,11,4,0,,
423,ML,Meghalaya,ML_East Khasi Hills,East Khasi Hills,10276,1021,9120,135,0,92,13,78,1,,
424,ML,Meghalaya,ML_North Garo Hills,North Garo Hills,121,1,118,2,0,0,0,0,0,,
425,ML,Meghalaya,ML_Ribhoi,Ribhoi,1563,138,1423,2,0,11,7,4,0,,
426,ML,Meghalaya,ML_South Garo Hills,South Garo Hills,199,1,198,0,0,0,0,0,0,,
427,ML,Meghalaya,ML_South West Garo Hills,South West Garo Hills,201,1,198,2,0,0,0,0,0,,
428,ML,Meghalaya,ML_South West Khasi Hills,South West Khasi Hills,74,14,60,0,0,2,1,1,0,,
429,ML,Meghalaya,ML_West Garo Hills,West Garo Hills,1779,32,1730,17,0,0,0,0,0,,
430,ML,Meghalaya,ML_West Jaintia Hills,West Jaintia Hills,726,106,619,1,0,10,-16,26,0,,
431,ML,Meghalaya,ML_West Khasi Hills,West Khasi Hills,212,26,185,1,0,0,0,0,0,,
0,MN,Manipur,MN_CAPF Personnel,CAPF Personnel,2748,1325,1421,2,0,5,5,0,0,,
405,MN,Manipur,MN_Bishnupur,Bishnupur,1410,1327,58,25,0,4,4,0,0,,
406,MN,Manipur,MN_Chandel,Chandel,404,391,4,9,0,1,1,0,0,,
407,MN,Manipur,MN_Churachandpur,Churachandpur,1579,1491,58,30,0,0,-1,0,1,,
408,MN,Manipur,MN_Imphal East,Imphal East,5989,5758,150,81,0,42,40,0,2,,
409,MN,Manipur,MN_Imphal West,Imphal West,9387,9228,52,107,0,70,69,0,1,,
410,MN,Manipur,MN_Jiribam,Jiribam,274,272,2,0,0,0,0,0,0,,
411,MN,Manipur,MN_Kakching,Kakching,898,863,27,8,0,5,5,0,0,,
412,MN,Manipur,MN_Kamjong,Kamjong,254,237,17,0,0,0,0,0,0,,
413,MN,Manipur,MN_Kangpokpi,Kangpokpi,645,616,19,10,0,4,4,0,0,,
414,MN,Manipur,MN_Noney,Noney,336,317,18,1,0,0,0,0,0,,
415,MN,Manipur,MN_Pherzawl,Pherzawl,37,22,15,0,0,0,0,0,0,,
416,MN,Manipur,MN_Senapati,Senapati,531,509,21,1,0,0,0,0,0,,
417,MN,Manipur,MN_Tamenglong,Tamenglong,1402,1364,32,6,0,0,0,0,0,,
418,MN,Manipur,MN_Tengnoupal,Tengnoupal,296,282,13,1,0,0,0,0,0,,
419,MN,Manipur,MN_Thoubal,Thoubal,2392,2327,23,42,0,4,3,0,1,,
420,MN,Manipur,MN_Ukhrul,Ukhrul,569,548,18,3,0,11,11,0,0,,
317,MP,Madhya Pradesh,MP_Agar Malwa,Agar Malwa,2031,448,1563,20,0,68,36,32,0,,
318,MP,Madhya Pradesh,MP_Alirajpur,Alirajpur,2735,683,2027,25,0,82,30,50,2,,
319,MP,Madhya Pradesh,MP_Anuppur,Anuppur,4734,750,3950,34,0,150,-106,254,2,,
320,MP,Madhya Pradesh,MP_Ashoknagar,Ashoknagar,2494,608,1865,21,0,60,46,14,0,,
321,MP,Madhya Pradesh,MP_Balaghat,Balaghat,6044,1211,4799,34,0,149,9,138,2,,
322,MP,Madhya Pradesh,MP_Barwani,Barwani,6633,927,5658,48,0,95,-109,202,2,,
323,MP,Madhya Pradesh,MP_Betul,Betul,8462,1671,6672,119,0,203,38,164,1,,
324,MP,Madhya Pradesh,MP_Bhind,Bhind,2127,240,1876,11,0,43,13,30,0,,
325,MP,Madhya Pradesh,MP_Bhopal,Bhopal,82560,12869,68976,715,0,1824,809,1012,3,,
326,MP,Madhya Pradesh,MP_Burhanpur,Burhanpur,2059,190,1835,34,0,23,-3,25,1,,
327,MP,Madhya Pradesh,MP_Chhatarpur,Chhatarpur,5190,615,4530,45,0,335,9,323,3,,
328,MP,Madhya Pradesh,MP_Chhindwara,Chhindwara,5529,392,5048,89,0,42,-25,66,1,,
329,MP,Madhya Pradesh,MP_Damoh,Damoh,4839,1035,3700,104,0,49,-27,75,1,,
330,MP,Madhya Pradesh,MP_Datia,Datia,4097,1282,2779,36,0,199,108,88,3,,
331,MP,Madhya Pradesh,MP_Dewas,Dewas,5057,491,4526,40,0,148,61,87,0,,
332,MP,Madhya Pradesh,MP_Dhar,Dhar,7740,1295,6353,92,0,255,110,143,2,,
333,MP,Madhya Pradesh,MP_Dindori,Dindori,2584,544,2030,10,0,73,35,37,1,,
335,MP,Madhya Pradesh,MP_Guna,Guna,3610,775,2801,34,0,79,0,79,0,,
336,MP,Madhya Pradesh,MP_Gwalior,Gwalior,34260,9135,24788,337,0,1208,93,1107,8,,
337,MP,Madhya Pradesh,MP_Harda,Harda,3392,430,2920,42,0,45,-8,53,0,,
338,MP,Madhya Pradesh,MP_Hoshangabad,Hoshangabad,6822,1302,5441,79,0,181,-43,222,2,,
339,MP,Madhya Pradesh,MP_Indore,Indore,103592,12591,89895,1106,0,1841,107,1727,7,,
340,MP,Madhya Pradesh,MP_Jabalpur,Jabalpur,33140,5842,26911,387,0,807,-108,907,8,,
341,MP,Madhya Pradesh,MP_Jhabua,Jhabua,5832,1314,4481,37,0,181,101,80,0,,
342,MP,Madhya Pradesh,MP_Katni,Katni,6364,1377,4960,27,0,150,-80,230,0,,
334,MP,Madhya Pradesh,MP_Khandwa,Khandwa,3503,215,3209,79,0,27,-10,36,1,,
368,MP,Madhya Pradesh,MP_Khargone,Khargone,9986,1073,8766,147,0,226,-11,235,2,,
343,MP,Madhya Pradesh,MP_Mandla,Mandla,3334,973,2349,12,0,108,-23,131,0,,
344,MP,Madhya Pradesh,MP_Mandsaur,Mandsaur,5129,790,4297,42,0,27,-144,171,0,,
345,MP,Madhya Pradesh,MP_Morena,Morena,5513,1497,3979,37,0,183,-4,185,2,,
346,MP,Madhya Pradesh,MP_Narsinghpur,Narsinghpur,6946,906,5996,44,0,157,121,35,1,,
347,MP,Madhya Pradesh,MP_Neemuch,Neemuch,5433,960,4405,68,0,217,113,104,0,,
348,MP,Madhya Pradesh,MP_Niwari,Niwari,1936,835,1090,11,0,81,-20,101,0,,
0,MP,Madhya Pradesh,MP_Other Region,Other Region,0,0,0,0,0,0,0,0,0,,
349,MP,Madhya Pradesh,MP_Panna,Panna,3820,902,2900,18,0,187,4,180,3,,
350,MP,Madhya Pradesh,MP_Raisen,Raisen,5603,1448,4095,60,0,159,-6,162,3,,
351,MP,Madhya Pradesh,MP_Rajgarh,Rajgarh,5546,1326,4125,95,0,105,-3,107,1,,
352,MP,Madhya Pradesh,MP_Ratlam,Ratlam,9758,1430,8157,171,0,245,28,212,5,,
353,MP,Madhya Pradesh,MP_Rewa,Rewa,9063,2312,6706,45,0,339,-11,349,1,,
354,MP,Madhya Pradesh,MP_Sagar,Sagar,10373,1866,8338,169,0,226,34,192,0,,
355,MP,Madhya Pradesh,MP_Satna,Satna,7234,1520,5657,57,0,242,47,194,1,,
356,MP,Madhya Pradesh,MP_Sehore,Sehore,5896,1405,4442,49,0,210,22,188,0,,
357,MP,Madhya Pradesh,MP_Seoni,Seoni,4531,1006,3507,18,0,142,28,114,0,,
358,MP,Madhya Pradesh,MP_Shahdol,Shahdol,6212,1444,4703,65,0,189,-30,216,3,,
359,MP,Madhya Pradesh,MP_Shajapur,Shajapur,4725,757,3936,32,0,20,-134,154,0,,
360,MP,Madhya Pradesh,MP_Sheopur,Sheopur,2411,436,1955,20,0,49,-20,67,2,,
361,MP,Madhya Pradesh,MP_Shivpuri,Shivpuri,6709,1571,5099,39,0,208,19,189,0,,
362,MP,Madhya Pradesh,MP_Sidhi,Sidhi,4636,1529,3082,25,0,179,98,79,2,,
363,MP,Madhya Pradesh,MP_Singrauli,Singrauli,4723,1538,3141,44,0,156,-44,199,1,,
364,MP,Madhya Pradesh,MP_Tikamgarh,Tikamgarh,4165,1435,2677,53,0,199,-10,205,4,,
365,MP,Madhya Pradesh,MP_Ujjain,Ujjain,11416,2874,8402,140,0,304,85,217,2,,
366,MP,Madhya Pradesh,MP_Umaria,Umaria,3411,586,2783,42,0,13,-120,132,1,,
367,MP,Madhya Pradesh,MP_Vidisha,Vidisha,8051,1883,6055,113,0,198,-119,313,4,,
432,MZ,Mizoram,MZ_Aizawl,Aizawl,3665,552,3101,12,0,12,-2,14,0,,
433,MZ,Mizoram,MZ_Champhai,Champhai,117,6,111,0,0,0,-1,1,0,,
729,MZ,Mizoram,MZ_Hnahthial,Hnahthial,24,1,23,0,0,1,1,0,0,,
730,MZ,Mizoram,MZ_Khawzawl,Khawzawl,23,0,23,0,0,0,0,0,0,,
434,MZ,Mizoram,MZ_Kolasib,Kolasib,341,21,320,0,0,4,0,4,0,,
435,MZ,Mizoram,MZ_Lawngtlai,Lawngtlai,416,64,352,0,0,4,-3,7,0,,
436,MZ,Mizoram,MZ_Lunglei,Lunglei,456,13,443,0,0,0,-21,21,0,,
437,MZ,Mizoram,MZ_Mamit,Mamit,92,4,88,0,0,0,0,0,0,,
438,MZ,Mizoram,MZ_Saiha,Saiha,41,2,39,0,0,0,0,0,0,,
728,MZ,Mizoram,MZ_Saitual,Saitual,36,3,33,0,0,1,1,0,0,,
439,MZ,Mizoram,MZ_Serchhip,Serchhip,199,10,188,1,0,0,-3,3,0,,
0,NL,Nagaland,NL_Others,Others,0,0,0,0,0,0,0,0,0,,
440,NL,Nagaland,NL_Dimapur,Dimapur,7004,397,6351,67,189,38,38,0,0,,
441,NL,Nagaland,NL_Kiphire,Kiphire,42,1,40,1,0,1,1,0,0,,
442,NL,Nagaland,NL_Kohima,Kohima,4164,130,3959,21,54,9,9,0,0,,
443,NL,Nagaland,NL_Longleng,Longleng,24,5,10,0,9,1,1,0,0,,
444,NL,Nagaland,NL_Mokokchung,Mokokchung,213,15,184,4,10,3,3,0,0,,
445,NL,Nagaland,NL_Mon,Mon,608,3,594,2,9,3,3,0,0,,
446,NL,Nagaland,NL_Peren,Peren,508,1,506,0,1,0,0,0,0,,
447,NL,Nagaland,NL_Phek,Phek,61,8,53,0,0,0,-2,2,0,,
448,NL,Nagaland,NL_Tuensang,Tuensang,252,0,249,2,1,0,-1,1,0,,
449,NL,Nagaland,NL_Wokha,Wokha,40,2,35,1,2,0,0,0,0,,
450,NL,Nagaland,NL_Zunheboto,Zunheboto,142,0,139,0,3,0,0,0,0,,
0,OR,Odisha,OR_State Pool,State Pool,10977,1675,9302,0,0,201,91,110,0,,
0,OR,Odisha,OR_Others,Others,0,0,0,0,0,0,0,0,0,,
451,OR,Odisha,OR_Angul,Angul,13241,479,12725,37,0,187,-460,647,0,,
452,OR,Odisha,OR_Balangir,Balangir,11581,1669,9863,49,0,98,5,93,0,,
453,OR,Odisha,OR_Balasore,Balasore,14020,844,13073,103,0,137,56,81,0,,
454,OR,Odisha,OR_Bargarh,Bargarh,14227,2172,12011,44,0,203,55,148,0,,
456,OR,Odisha,OR_Bhadrak,Bhadrak,8481,586,7863,32,0,87,36,50,1,,
455,OR,Odisha,OR_Boudh,Boudh,3139,286,2842,11,0,70,70,0,0,,
457,OR,Odisha,OR_Cuttack,Cuttack,33532,2844,30539,149,0,488,335,152,1,,
458,OR,Odisha,OR_Deogarh,Deogarh,1829,144,1680,5,0,38,10,28,0,,
459,OR,Odisha,OR_Dhenkanal,Dhenkanal,6012,161,5822,29,0,20,-19,39,0,,
460,OR,Odisha,OR_Gajapati,Gajapati,4768,369,4366,33,0,81,36,45,0,,
461,OR,Odisha,OR_Ganjam,Ganjam,23631,922,22444,265,0,323,196,126,1,,
462,OR,Odisha,OR_Jagatsinghpur,Jagatsinghpur,9878,474,9366,38,0,93,43,50,0,,
463,OR,Odisha,OR_Jajpur,Jajpur,14131,1211,12893,27,0,237,176,61,0,,
464,OR,Odisha,OR_Jharsuguda,Jharsuguda,11307,2125,9154,28,0,436,235,201,0,,
465,OR,Odisha,OR_Kalahandi,Kalahandi,10831,3177,7615,39,0,518,462,56,0,,
466,OR,Odisha,OR_Kandhamal,Kandhamal,6315,231,6049,35,0,35,20,15,0,,
467,OR,Odisha,OR_Kendrapara,Kendrapara,9684,392,9262,30,0,38,23,15,0,,
468,OR,Odisha,OR_Kendujhar,Kendujhar,9911,681,9187,43,0,166,-13,177,2,,
469,OR,Odisha,OR_Khordha,Khordha,65144,7885,56902,357,0,958,457,498,3,,
470,OR,Odisha,OR_Koraput,Koraput,8540,447,8077,16,0,69,48,21,0,,
471,OR,Odisha,OR_Malkangiri,Malkangiri,5427,131,5268,28,0,22,18,4,0,,
472,OR,Odisha,OR_Mayurbhanj,Mayurbhanj,16073,974,15005,94,0,180,61,119,0,,
473,OR,Odisha,OR_Nabarangapur,Nabarangapur,8403,1705,6682,16,0,221,134,87,0,,
474,OR,Odisha,OR_Nayagarh,Nayagarh,7353,631,6675,47,0,91,46,45,0,,
475,OR,Odisha,OR_Nuapada,Nuapada,13936,2350,11551,35,0,551,106,445,0,,
476,OR,Odisha,OR_Puri,Puri,17475,1950,15402,123,0,145,2,143,0,,
477,OR,Odisha,OR_Rayagada,Rayagada,9624,677,8897,50,0,117,65,52,0,,
478,OR,Odisha,OR_Sambalpur,Sambalpur,13495,1965,11450,80,0,226,78,148,0,,
479,OR,Odisha,OR_Subarnapur,Subarnapur,5345,371,4953,21,0,129,126,3,0,,
480,OR,Odisha,OR_Sundargarh,Sundargarh,25746,5367,20193,186,0,434,-88,521,1,,
485,PB,Punjab,PB_Amritsar,Amritsar,30165,5084,24196,885,0,0,0,0,0,,
486,PB,Punjab,PB_Barnala,Barnala,3440,421,2929,90,0,0,0,0,0,,
487,PB,Punjab,PB_Bathinda,Bathinda,17926,3715,13897,314,0,0,0,0,0,,
488,PB,Punjab,PB_Faridkot,Faridkot,6906,1087,5705,114,0,0,0,0,0,,
489,PB,Punjab,PB_Fatehgarh Sahib,Fatehgarh Sahib,4771,385,4251,135,0,0,0,0,0,,
490,PB,Punjab,PB_Fazilka,Fazilka,6493,1319,5060,114,0,0,0,0,0,,
491,PB,Punjab,PB_Ferozepur,Ferozepur,7045,982,5863,200,0,0,0,0,0,,
492,PB,Punjab,PB_Gurdaspur,Gurdaspur,14672,1630,12579,463,0,0,0,0,0,,
493,PB,Punjab,PB_Hoshiarpur,Hoshiarpur,19217,1704,16816,697,0,0,0,0,0,,
494,PB,Punjab,PB_Jalandhar,Jalandhar,40057,3924,35085,1048,0,0,0,0,0,,
495,PB,Punjab,PB_Kapurthala,Kapurthala,11726,921,10480,325,0,0,0,0,0,,
496,PB,Punjab,PB_Ludhiana,Ludhiana,49603,7117,41187,1299,0,0,0,0,0,,
497,PB,Punjab,PB_Mansa,Mansa,5126,1444,3618,64,0,0,0,0,0,,
498,PB,Punjab,PB_Moga,Moga,4935,1021,3797,117,0,0,0,0,0,,
499,PB,Punjab,PB_Pathankot,Pathankot,8979,1203,7575,201,0,0,0,0,0,,
500,PB,Punjab,PB_Patiala,Patiala,30493,3057,26715,721,0,0,0,0,0,,
501,PB,Punjab,PB_Rupnagar,Rupnagar,7565,1076,6237,252,0,0,0,0,0,,
502,PB,Punjab,PB_S.A.S. Nagar,S.A.S. Nagar,41862,7998,33319,545,0,0,0,0,0,,
503,PB,Punjab,PB_Sangrur,Sangrur,7739,1173,6273,293,0,0,0,0,0,,
504,PB,Punjab,PB_Shahid Bhagat Singh Nagar,Shahid Bhagat Singh Nagar,8466,479,7760,227,0,0,0,0,0,,
505,PB,Punjab,PB_Sri Muktsar Sahib,Sri Muktsar Sahib,6704,1492,5086,126,0,0,0,0,0,,
506,PB,Punjab,PB_Tarn Taran,Tarn Taran,5200,922,4076,202,0,0,0,0,0,,
481,PY,Puducherry,PY_Karaikal,Karaikal,6280,798,5394,88,0,39,-47,86,0,"2 case of TN has been transferred,so has been reduced from the total count.",
482,PY,Puducherry,PY_Mahe,Mahe,2847,277,2555,15,0,19,-7,26,0,"1 case of KL have been transferred,so have been reduced from the total count",
483,PY,Puducherry,PY_Puducherry,Puducherry,42151,6066,35479,606,0,647,272,366,9,"209 cases(204 of TN, 1 of AP and 4 other) have been transferred,so have been reduced from the total count.[July 18]4 cases have transferred to TN and have been reduced from recovered cases.",
484,PY,Puducherry,PY_Yanam,Yanam,2748,369,2330,49,0,42,4,37,1,"2 cases of AP have been transferred,so have been reduced from the total count",
507,RJ,Rajasthan,RJ_Ajmer,Ajmer,25359,5213,19892,254,0,640,380,258,2,,
508,RJ,Rajasthan,RJ_Alwar,Alwar,33299,8653,24548,98,0,1621,1348,271,2,,
509,RJ,Rajasthan,RJ_Banswara,Banswara,5712,2220,3441,51,0,605,545,58,2,,
510,RJ,Rajasthan,RJ_Baran,Baran,5755,2339,3373,43,0,201,80,120,1,,
511,RJ,Rajasthan,RJ_Barmer,Barmer,7335,2065,5207,63,0,202,202,0,0,,
512,RJ,Rajasthan,RJ_Bharatpur,Bharatpur,10840,945,9764,131,0,101,10,89,2,,
513,RJ,Rajasthan,RJ_Bhilwara,Bhilwara,19544,7530,11962,52,0,701,368,332,1,,
514,RJ,Rajasthan,RJ_Bikaner,Bikaner,25831,5570,20053,208,0,683,483,194,6,,
0,RJ,Rajasthan,RJ_BSF Camp,BSF Camp,85,0,85,0,0,0,0,0,0,,
515,RJ,Rajasthan,RJ_Bundi,Bundi,4602,1245,3334,23,0,121,91,30,0,,
516,RJ,Rajasthan,RJ_Chittorgarh,Chittorgarh,8445,2358,6023,64,0,220,84,134,2,,
517,RJ,Rajasthan,RJ_Churu,Churu,6778,2220,4508,50,0,179,146,33,0,,
518,RJ,Rajasthan,RJ_Dausa,Dausa,5150,2058,3059,33,0,354,241,112,1,,
519,RJ,Rajasthan,RJ_Dholpur,Dholpur,7078,2440,4607,31,0,99,-248,347,0,,
520,RJ,Rajasthan,RJ_Dungarpur,Dungarpur,11284,1784,9451,49,0,134,58,74,2,,
0,RJ,Rajasthan,RJ_Evacuees,Evacuees,61,0,61,0,0,0,0,0,0,,
521,RJ,Rajasthan,RJ_Ganganagar,Ganganagar,8972,1709,7217,46,0,230,229,0,1,,
522,RJ,Rajasthan,RJ_Hanumangarh,Hanumangarh,6114,2586,3513,15,0,310,179,131,0,,
0,RJ,Rajasthan,RJ_Italians,Italians,2,0,2,0,0,0,0,0,0,,
523,RJ,Rajasthan,RJ_Jaipur,Jaipur,97362,29388,67336,638,0,2878,1906,961,11,,
524,RJ,Rajasthan,RJ_Jaisalmer,Jaisalmer,3554,1251,2277,26,0,176,148,28,0,,
525,RJ,Rajasthan,RJ_Jalore,Jalore,7313,1177,6074,62,0,175,173,2,0,,
526,RJ,Rajasthan,RJ_Jhalawar,Jhalawar,6192,1565,4575,52,0,204,168,33,3,,
527,RJ,Rajasthan,RJ_Jhunjhunu,Jhunjhunu,5838,1007,4769,62,0,95,95,0,0,,
528,RJ,Rajasthan,RJ_Jodhpur,Jodhpur,70883,17362,53046,475,0,1711,849,847,15,,
529,RJ,Rajasthan,RJ_Karauli,Karauli,3163,1277,1855,31,0,112,111,0,1,,
530,RJ,Rajasthan,RJ_Kota,Kota,38899,8687,29954,258,0,955,-46,996,5,,
531,RJ,Rajasthan,RJ_Nagaur,Nagaur,12492,1116,11258,118,0,124,44,78,2,,
0,RJ,Rajasthan,RJ_Other State,Other State,189,0,150,39,0,0,0,0,0,,
532,RJ,Rajasthan,RJ_Pali,Pali,16090,3606,12344,140,0,794,698,93,3,,
533,RJ,Rajasthan,RJ_Pratapgarh,Pratapgarh,3284,1511,1747,26,0,139,86,52,1,,
534,RJ,Rajasthan,RJ_Rajsamand,Rajsamand,9262,3561,5633,68,0,601,479,120,2,,
535,RJ,Rajasthan,RJ_Sawai Madhopur,Sawai Madhopur,5681,3242,2405,34,0,388,241,146,1,,
536,RJ,Rajasthan,RJ_Sikar,Sikar,14286,4554,9603,129,0,778,679,95,4,,
537,RJ,Rajasthan,RJ_Sirohi,Sirohi,8284,3622,4626,36,0,89,18,71,0,,
538,RJ,Rajasthan,RJ_Tonk,Tonk,5436,1515,3880,41,0,150,149,0,1,,
539,RJ,Rajasthan,RJ_Udaipur,Udaipur,30421,11264,18918,239,0,668,-56,711,13,,
540,SK,Sikkim,SK_East Sikkim,East Sikkim,2515,1406,1106,3,0,0,0,0,0,,
541,SK,Sikkim,SK_North Sikkim,North Sikkim,41,40,1,0,0,0,0,0,0,,
542,SK,Sikkim,SK_South Sikkim,South Sikkim,640,567,73,0,0,0,0,0,0,,
543,SK,Sikkim,SK_West Sikkim,West Sikkim,157,142,15,0,0,0,0,0,0,,
0,TG,Telangana,TG_Foreign Evacuees,Foreign Evacuees,33,33,0,0,0,0,0,0,0,District-wise numbers are out-dated as cumulative counts for each district are not reported in Telangana bulletin,
0,TG,Telangana,TG_Other State,Other State,250,250,0,0,0,0,0,0,0,District-wise numbers are out-dated as cumulative counts for each district are not reported in Telangana bulletin,
576,TG,Telangana,TG_Adilabad,Adilabad,5082,5067,15,0,0,88,88,0,0,District-wise numbers are out-dated as cumulative counts for each district are not reported in Telangana bulletin,
577,TG,Telangana,TG_Bhadradri Kothagudem,Bhadradri Kothagudem,10836,10832,4,0,0,164,164,0,0,District-wise numbers are out-dated as cumulative counts for each district are not reported in Telangana bulletin,
578,TG,Telangana,TG_Hyderabad,Hyderabad,98485,98157,305,23,0,1418,1418,0,0,District-wise numbers are out-dated as cumulative counts for each district are not reported in Telangana bulletin,
579,TG,Telangana,TG_Jagtial,Jagtial,10233,10231,2,0,0,276,276,0,0,District-wise numbers are out-dated as cumulative counts for each district are not reported in Telangana bulletin,
580,TG,Telangana,TG_Jangaon,Jangaon,4858,4857,1,0,0,65,65,0,0,District-wise numbers are out-dated as cumulative counts for each district are not reported in Telangana bulletin,
581,TG,Telangana,TG_Jayashankar Bhupalapally,Jayashankar Bhupalapally,3178,3178,0,0,0,57,57,0,0,District-wise numbers are out-dated as cumulative counts for each district are not reported in Telangana bulletin,
582,TG,Telangana,TG_Jogulamba Gadwal,Jogulamba Gadwal,4029,4003,25,1,0,57,57,0,0,District-wise numbers are out-dated as cumulative counts for each district are not reported in Telangana bulletin,
583,TG,Telangana,TG_Kamareddy,Kamareddy,8825,8817,8,0,0,110,110,0,0,District-wise numbers are out-dated as cumulative counts for each district are not reported in Telangana bulletin,
584,TG,Telangana,TG_Karimnagar,Karimnagar,17333,17317,16,0,0,222,222,0,0,District-wise numbers are out-dated as cumulative counts for each district are not reported in Telangana bulletin,
585,TG,Telangana,TG_Khammam,Khammam,13758,13755,3,0,0,118,118,0,0,District-wise numbers are out-dated as cumulative counts for each district are not reported in Telangana bulletin,
586,TG,Telangana,TG_Komaram Bheem,Komaram Bheem,2529,2527,2,0,0,42,42,0,0,District-wise numbers are out-dated as cumulative counts for each district are not reported in Telangana bulletin,
587,TG,Telangana,TG_Mahabubabad,Mahabubabad,6607,6606,1,0,0,138,138,0,0,District-wise numbers are out-dated as cumulative counts for each district are not reported in Telangana bulletin,
588,TG,Telangana,TG_Mahabubnagar,Mahabubnagar,8533,8525,8,0,0,226,226,0,0,District-wise numbers are out-dated as cumulative counts for each district are not reported in Telangana bulletin,
589,TG,Telangana,TG_Mancherial,Mancherial,8401,8400,0,1,0,152,152,0,0,District-wise numbers are out-dated as cumulative counts for each district are not reported in Telangana bulletin,
590,TG,Telangana,TG_Medak,Medak,5472,5468,4,0,0,79,79,0,0,District-wise numbers are out-dated as cumulative counts for each district are not reported in Telangana bulletin,
591,TG,Telangana,TG_Medchal Malkajgiri,Medchal Malkajgiri,29308,29298,9,1,0,554,554,0,0,District-wise numbers are out-dated as cumulative counts for each district are not reported in Telangana bulletin,
592,TG,Telangana,TG_Mulugu,Mulugu,3512,3510,2,0,0,25,25,0,0,District-wise numbers are out-dated as cumulative counts for each district are not reported in Telangana bulletin,
593,TG,Telangana,TG_Nagarkurnool,Nagarkurnool,6114,6112,2,0,0,122,122,0,0,District-wise numbers are out-dated as cumulative counts for each district are not reported in Telangana bulletin,
594,TG,Telangana,TG_Nalgonda,Nalgonda,15338,15326,12,0,0,90,90,0,0,District-wise numbers are out-dated as cumulative counts for each district are not reported in Telangana bulletin,
595,TG,Telangana,TG_Narayanpet,Narayanpet,1703,1702,0,1,0,47,47,0,0,District-wise numbers are out-dated as cumulative counts for each district are not reported in Telangana bulletin,
596,TG,Telangana,TG_Nirmal,Nirmal,5553,5540,13,0,0,26,26,0,0,District-wise numbers are out-dated as cumulative counts for each district are not reported in Telangana bulletin,
597,TG,Telangana,TG_Nizamabad,Nizamabad,15477,15447,30,0,0,389,389,0,0,District-wise numbers are out-dated as cumulative counts for each district are not reported in Telangana bulletin,
598,TG,Telangana,TG_Peddapalli,Peddapalli,7334,7333,1,0,0,52,52,0,0,District-wise numbers are out-dated as cumulative counts for each district are not reported in Telangana bulletin,
599,TG,Telangana,TG_Rajanna Sircilla,Rajanna Sircilla,7227,7225,2,0,0,121,121,0,0,District-wise numbers are out-dated as cumulative counts for each district are not reported in Telangana bulletin,
600,TG,Telangana,TG_Ranga Reddy,Ranga Reddy,32594,32575,17,2,0,482,482,0,0,District-wise numbers are out-dated as cumulative counts for each district are not reported in Telangana bulletin,
601,TG,Telangana,TG_Sangareddy,Sangareddy,12272,12266,6,0,0,368,368,0,0,District-wise numbers are out-dated as cumulative counts for each district are not reported in Telangana bulletin,
602,TG,Telangana,TG_Siddipet,Siddipet,10825,10824,1,0,0,268,268,0,0,District-wise numbers are out-dated as cumulative counts for each district are not reported in Telangana bulletin,
603,TG,Telangana,TG_Suryapet,Suryapet,8877,8853,24,0,0,69,69,0,0,District-wise numbers are out-dated as cumulative counts for each district are not reported in Telangana bulletin,
604,TG,Telangana,TG_Vikarabad,Vikarabad,4720,4704,15,1,0,137,137,0,0,District-wise numbers are out-dated as cumulative counts for each district are not reported in Telangana bulletin,
605,TG,Telangana,TG_Wanaparthy,Wanaparthy,5022,5022,0,0,0,96,96,0,0,District-wise numbers are out-dated as cumulative counts for each district are not reported in Telangana bulletin,
606,TG,Telangana,TG_Warangal Rural,Warangal Rural,5163,5163,0,0,0,113,113,0,0,District-wise numbers are out-dated as cumulative counts for each district are not reported in Telangana bulletin,
607,TG,Telangana,TG_Warangal Urban,Warangal Urban,15433,15410,23,0,0,329,329,0,0,District-wise numbers are out-dated as cumulative counts for each district are not reported in Telangana bulletin,
608,TG,Telangana,TG_Yadadri Bhuvanagiri,Yadadri Bhuvanagiri,5821,5821,0,0,0,51,51,0,0,District-wise numbers are out-dated as cumulative counts for each district are not reported in Telangana bulletin,
0,TN,Tamil Nadu,TN_Railway Quarantine,Railway Quarantine,428,0,428,0,0,0,0,0,0,,
0,TN,Tamil Nadu,TN_Airport Quarantine,Airport Quarantine,2069,3,2064,2,0,0,-6,6,0,,
0,TN,Tamil Nadu,TN_Other State,Other State,0,-3,0,3,0,0,0,0,0,,
544,TN,Tamil Nadu,TN_Ariyalur,Ariyalur,5399,302,5046,51,0,42,15,27,0,,
732,TN,Tamil Nadu,TN_Chengalpattu,Chengalpattu,75032,8848,65269,915,0,1171,22,1145,4,,
545,TN,Tamil Nadu,TN_Chennai,Chennai,314074,31145,278330,4599,0,4175,-393,4533,35,[July 22]: 444 backdated deceased entries added to Chennai in TN bulletin.,
546,TN,Tamil Nadu,TN_Coimbatore,Coimbatore,74288,6689,66883,716,0,1069,-68,1135,2,,
547,TN,Tamil Nadu,TN_Cuddalore,Cuddalore,29173,1573,27284,316,0,241,60,180,1,,
548,TN,Tamil Nadu,TN_Dharmapuri,Dharmapuri,8721,1045,7612,64,0,153,37,115,1,,
549,TN,Tamil Nadu,TN_Dindigul,Dindigul,14849,1585,13056,208,0,196,9,187,0,,
550,TN,Tamil Nadu,TN_Erode,Erode,19404,2483,16765,156,0,504,263,239,2,,
734,TN,Tamil Nadu,TN_Kallakurichi,Kallakurichi,12141,698,11334,109,0,171,90,80,1,,
551,TN,Tamil Nadu,TN_Kancheepuram,Kancheepuram,36491,2793,33190,508,0,433,-111,535,9,,
552,TN,Tamil Nadu,TN_Kanyakumari,Kanyakumari,20674,1687,18696,291,0,268,106,160,2,,
553,TN,Tamil Nadu,TN_Karur,Karur,7027,774,6199,54,0,117,-37,153,1,,
554,TN,Tamil Nadu,TN_Krishnagiri,Krishnagiri,12745,2574,10046,125,0,484,157,327,0,,
555,TN,Tamil Nadu,TN_Madurai,Madurai,28460,3929,24031,500,0,524,209,311,4,,
556,TN,Tamil Nadu,TN_Nagapattinam,Nagapattinam,12354,1206,10981,167,0,183,-88,270,1,,
557,TN,Tamil Nadu,TN_Namakkal,Namakkal,14852,1615,13123,114,0,264,114,150,0,,
564,TN,Tamil Nadu,TN_Nilgiris,Nilgiris,9661,488,9122,51,0,57,10,47,0,,
558,TN,Tamil Nadu,TN_Perambalur,Perambalur,2508,100,2384,24,0,24,10,13,1,,
559,TN,Tamil Nadu,TN_Pudukkottai,Pudukkottai,13291,755,12376,160,0,124,31,93,0,,
560,TN,Tamil Nadu,TN_Ramanathapuram,Ramanathapuram,7748,687,6920,141,0,153,80,73,0,,
733,TN,Tamil Nadu,TN_Ranipet,Ranipet,19410,1673,17543,194,0,230,-21,251,0,,
561,TN,Tamil Nadu,TN_Salem,Salem,39414,3444,35475,495,0,429,43,381,5,,
562,TN,Tamil Nadu,TN_Sivaganga,Sivaganga,8191,520,7541,130,0,102,27,75,0,,
731,TN,Tamil Nadu,TN_Tenkasi,Tenkasi,11156,1500,9482,174,0,244,93,149,2,,
563,TN,Tamil Nadu,TN_Thanjavur,Thanjavur,24368,2068,22004,296,0,300,124,172,4,,
565,TN,Tamil Nadu,TN_Theni,Theni,19160,1192,17757,211,0,163,31,132,0,,
566,TN,Tamil Nadu,TN_Thiruvallur,Thiruvallur,56480,5262,50453,765,0,834,284,546,4,,
567,TN,Tamil Nadu,TN_Thiruvarur,Thiruvarur,14534,922,13492,120,0,79,-54,131,2,,
568,TN,Tamil Nadu,TN_Thoothukkudi,Thoothukkudi,21390,2912,18327,151,0,511,100,409,2,,
569,TN,Tamil Nadu,TN_Tiruchirappalli,Tiruchirappalli,21563,2962,18392,209,0,395,68,324,3,,
570,TN,Tamil Nadu,TN_Tirunelveli,Tirunelveli,21738,3654,17854,230,0,439,183,255,1,,
735,TN,Tamil Nadu,TN_Tirupathur,Tirupathur,9398,925,8337,136,0,154,41,112,1,,
571,TN,Tamil Nadu,TN_Tiruppur,Tiruppur,24562,2515,21813,234,0,388,111,277,0,,
572,TN,Tamil Nadu,TN_Tiruvannamalai,Tiruvannamalai,22856,1855,20704,297,0,338,148,188,2,,
573,TN,Tamil Nadu,TN_Vellore,Vellore,25397,2264,22756,377,0,297,74,220,3,,
574,TN,Tamil Nadu,TN_Viluppuram,Viluppuram,17680,1208,16353,119,0,200,66,133,1,,
575,TN,Tamil Nadu,TN_Virudhunagar,Virudhunagar,18986,1293,17454,239,0,228,137,91,0,,
609,TR,Tripura,TR_Dhalai,Dhalai,3523,33,3471,18,1,6,1,5,0,,
610,TR,Tripura,TR_Gomati,Gomati,3972,31,3896,44,1,6,2,4,0,,
611,TR,Tripura,TR_Khowai,Khowai,1871,20,1820,31,0,1,0,1,0,,
612,TR,Tripura,TR_North Tripura,North Tripura,2821,46,2752,16,7,9,4,5,0,,
613,TR,Tripura,TR_Sipahijala,Sipahijala,2919,20,2859,40,0,4,0,4,0,,
614,TR,Tripura,TR_South Tripura,South Tripura,4121,46,4049,23,3,5,2,3,0,,
615,TR,Tripura,TR_Unokoti,Unokoti,2804,30,2751,23,0,8,7,1,0,,
616,TR,Tripura,TR_West Tripura,West Tripura,12593,571,11815,196,11,59,20,39,0,,
617,UP,Uttar Pradesh,UP_Agra,Agra,17713,4301,13202,210,0,562,40,519,3,,
618,UP,Uttar Pradesh,UP_Aligarh,Aligarh,14434,2445,11931,58,0,219,154,65,0,,
619,UP,Uttar Pradesh,UP_Ambedkar Nagar,Ambedkar Nagar,3154,917,2182,55,0,14,-53,66,1,,
620,UP,Uttar Pradesh,UP_Amethi,Amethi,6367,1996,4303,68,0,173,29,143,1,,
621,UP,Uttar Pradesh,UP_Amroha,Amroha,7746,2532,5142,72,0,418,337,81,0,,
622,UP,Uttar Pradesh,UP_Auraiya,Auraiya,6869,2128,4671,70,0,110,-213,320,3,,
765,UP,Uttar Pradesh,UP_Ayodhya,Ayodhya,11980,2578,9254,148,0,159,5,154,0,,
623,UP,Uttar Pradesh,UP_Azamgarh,Azamgarh,10888,3105,7684,99,0,257,11,246,0,,
624,UP,Uttar Pradesh,UP_Baghpat,Baghpat,3672,717,2910,45,0,198,151,45,2,,
625,UP,Uttar Pradesh,UP_Bahraich,Bahraich,7287,2022,5179,86,0,189,-16,205,0,,
626,UP,Uttar Pradesh,UP_Ballia,Ballia,14899,4110,10643,146,0,509,21,485,3,,
627,UP,Uttar Pradesh,UP_Balrampur,Balrampur,4565,1543,2968,54,0,103,17,85,1,,
628,UP,Uttar Pradesh,UP_Banda,Banda,7264,1855,5321,88,0,272,128,133,11,,
629,UP,Uttar Pradesh,UP_Barabanki,Barabanki,13835,3718,9991,126,0,315,-9,322,2,,
630,UP,Uttar Pradesh,UP_Bareilly,Bareilly,26555,8422,17948,185,0,920,502,415,3,,
631,UP,Uttar Pradesh,UP_Basti,Basti,7887,1749,6006,132,0,143,28,112,3,,
632,UP,Uttar Pradesh,UP_Bhadohi,Bhadohi,5367,1934,3397,36,0,168,66,102,0,,
633,UP,Uttar Pradesh,UP_Bijnor,Bijnor,8515,2869,5574,72,0,488,307,181,0,,
634,UP,Uttar Pradesh,UP_Budaun,Budaun,7176,2147,4971,58,0,196,-22,214,4,,
635,UP,Uttar Pradesh,UP_Bulandshahr,Bulandshahr,10291,2560,7629,102,0,615,391,224,0,,
636,UP,Uttar Pradesh,UP_Chandauli,Chandauli,11208,3662,7434,112,0,581,75,505,1,,
637,UP,Uttar Pradesh,UP_Chitrakoot,Chitrakoot,4467,1297,3140,30,0,110,-23,126,7,,
638,UP,Uttar Pradesh,UP_Deoria,Deoria,10672,2518,8036,118,0,69,-184,251,2,,
639,UP,Uttar Pradesh,UP_Etah,Etah,5372,2136,3201,35,0,383,219,164,0,,
640,UP,Uttar Pradesh,UP_Etawah,Etawah,9684,2359,7166,159,0,260,-35,290,5,,
642,UP,Uttar Pradesh,UP_Farrukhabad,Farrukhabad,7271,1568,5587,116,0,164,-30,193,1,,
643,UP,Uttar Pradesh,UP_Fatehpur,Fatehpur,5608,1277,4231,100,0,61,-45,103,3,,
644,UP,Uttar Pradesh,UP_Firozabad,Firozabad,5918,972,4867,79,0,121,55,64,2,,
645,UP,Uttar Pradesh,UP_Gautam Buddha Nagar,Gautam Buddha Nagar,36645,6300,30176,169,0,647,226,406,15,,
646,UP,Uttar Pradesh,UP_Ghaziabad,Ghaziabad,35852,5585,30117,150,0,366,-392,756,2,,
647,UP,Uttar Pradesh,UP_Ghazipur,Ghazipur,13202,5201,7882,119,0,570,76,493,1,,
648,UP,Uttar Pradesh,UP_Gonda,Gonda,8525,2058,6367,100,0,223,35,180,8,,
649,UP,Uttar Pradesh,UP_Gorakhpur,Gorakhpur,37182,9458,27305,419,0,1540,793,740,7,,
650,UP,Uttar Pradesh,UP_Hamirpur,Hamirpur,3004,985,1986,33,0,145,71,70,4,,
651,UP,Uttar Pradesh,UP_Hapur,Hapur,6496,1440,4986,70,0,141,94,47,0,,
652,UP,Uttar Pradesh,UP_Hardoi,Hardoi,9608,2521,6947,140,0,227,136,90,1,,
653,UP,Uttar Pradesh,UP_Hathras,Hathras,1747,370,1369,8,0,64,62,2,0,,
654,UP,Uttar Pradesh,UP_Jalaun,Jalaun,6511,1523,4905,83,0,173,-15,182,6,,
655,UP,Uttar Pradesh,UP_Jaunpur,Jaunpur,14337,5161,9044,132,0,441,192,247,2,,
656,UP,Uttar Pradesh,UP_Jhansi,Jhansi,23017,7971,14821,225,0,1024,528,491,5,,
657,UP,Uttar Pradesh,UP_Kannauj,Kannauj,6140,2016,4055,69,0,156,8,148,0,,
658,UP,Uttar Pradesh,UP_Kanpur Dehat,Kanpur Dehat,4323,1698,2575,50,0,163,39,123,1,,
659,UP,Uttar Pradesh,UP_Kanpur Nagar,Kanpur Nagar,61743,17410,43243,1090,0,2046,494,1524,28,,
660,UP,Uttar Pradesh,UP_Kasganj,Kasganj,2538,443,2086,9,0,52,33,17,2,,
661,UP,Uttar Pradesh,UP_Kaushambi,Kaushambi,3652,809,2809,34,0,121,-27,147,1,,
663,UP,Uttar Pradesh,UP_Kushinagar,Kushinagar,7628,1349,6207,72,0,106,22,83,1,,
662,UP,Uttar Pradesh,UP_Lakhimpur Kheri,Lakhimpur Kheri,14757,5396,9240,121,0,566,289,274,3,,
664,UP,Uttar Pradesh,UP_Lalitpur,Lalitpur,8033,2877,5097,59,0,140,-107,247,0,,
665,UP,Uttar Pradesh,UP_Lucknow,Lucknow,188474,50627,136172,1675,0,4615,-1441,6035,21,,
667,UP,Uttar Pradesh,UP_Maharajganj,Maharajganj,7328,848,6382,98,0,134,-5,139,0,,
666,UP,Uttar Pradesh,UP_Mahoba,Mahoba,2596,829,1745,22,0,79,42,31,6,,
668,UP,Uttar Pradesh,UP_Mainpuri,Mainpuri,6422,2149,4184,89,0,263,152,111,0,,
669,UP,Uttar Pradesh,UP_Mathura,Mathura,12061,3114,8797,150,0,442,116,322,4,,
670,UP,Uttar Pradesh,UP_Mau,Mau,5624,1631,3951,42,0,190,31,157,2,,
671,UP,Uttar Pradesh,UP_Meerut,Meerut,39176,12061,26630,485,0,1284,606,667,11,,
672,UP,Uttar Pradesh,UP_Mirzapur,Mirzapur,7987,2595,5341,51,0,137,-202,339,0,,
673,UP,Uttar Pradesh,UP_Moradabad,Moradabad,21703,6826,14652,225,0,1019,640,378,1,,
674,UP,Uttar Pradesh,UP_Muzaffarnagar,Muzaffarnagar,16355,4771,11422,162,0,944,579,357,8,,
675,UP,Uttar Pradesh,UP_Pilibhit,Pilibhit,5392,892,4400,100,0,36,-3,38,1,,
676,UP,Uttar Pradesh,UP_Pratapgarh,Pratapgarh,9428,2406,6936,86,0,462,91,370,1,,
677,UP,Uttar Pradesh,UP_Prayagraj,Prayagraj,64138,16083,47454,601,0,1118,-250,1357,11,,
678,UP,Uttar Pradesh,UP_Rae Bareli,Rae Bareli,12092,4166,7757,169,0,376,106,266,4,,
679,UP,Uttar Pradesh,UP_Rampur,Rampur,7407,863,6472,72,0,258,191,67,0,,
680,UP,Uttar Pradesh,UP_Saharanpur,Saharanpur,15224,3253,11810,161,0,498,280,218,0,,
681,UP,Uttar Pradesh,UP_Sambhal,Sambhal,5563,2065,3438,60,0,50,44,6,0,,
682,UP,Uttar Pradesh,UP_Sant Kabir Nagar,Sant Kabir Nagar,5472,1435,3978,59,0,155,141,9,5,,
683,UP,Uttar Pradesh,UP_Shahjahanpur,Shahjahanpur,11602,3555,7894,153,0,928,760,165,3,,
684,UP,Uttar Pradesh,UP_Shamli,Shamli,6058,1506,4519,33,0,205,74,131,0,,
685,UP,Uttar Pradesh,UP_Shrawasti,Shrawasti,2507,784,1701,22,0,82,52,30,0,,
686,UP,Uttar Pradesh,UP_Siddharthnagar,Siddharthnagar,5989,1364,4566,59,0,76,-54,128,2,,
687,UP,Uttar Pradesh,UP_Sitapur,Sitapur,8395,2315,5982,98,0,155,-41,193,3,,
688,UP,Uttar Pradesh,UP_Sonbhadra,Sonbhadra,10650,3613,6928,109,0,269,-18,287,0,,
689,UP,Uttar Pradesh,UP_Sultanpur,Sultanpur,11088,4251,6741,96,0,527,190,337,0,,
690,UP,Uttar Pradesh,UP_Unnao,Unnao,9164,3242,5804,118,0,721,413,306,2,,
691,UP,Uttar Pradesh,UP_Varanasi,Varanasi,60677,16947,43122,608,0,1840,-374,2195,19,,
692,UT,Uttarakhand,UT_Almora,Almora,4479,727,3319,30,403,135,116,19,0,,
693,UT,Uttarakhand,UT_Bageshwar,Bageshwar,1888,312,1534,17,25,29,29,0,0,,
694,UT,Uttarakhand,UT_Chamoli,Chamoli,4282,656,3476,22,128,97,86,10,1,,
695,UT,Uttarakhand,UT_Champawat,Champawat,2897,1027,1807,11,52,104,104,0,0,,
696,UT,Uttarakhand,UT_Dehradun,Dehradun,53387,13385,38306,1243,453,2034,1301,699,34,,
697,UT,Uttarakhand,UT_Haridwar,Haridwar,28231,10888,16553,227,563,1002,688,303,11,,
698,UT,Uttarakhand,UT_Nainital,Nainital,19355,4628,14266,335,126,767,603,152,12,,
699,UT,Uttarakhand,UT_Pauri Garhwal,Pauri Garhwal,8030,2035,5509,77,409,323,221,96,6,,
700,UT,Uttarakhand,UT_Pithoragarh,Pithoragarh,3959,447,3451,49,12,88,74,14,0,,
701,UT,Uttarakhand,UT_Rudraprayag,Rudraprayag,2941,530,2388,16,7,64,51,11,2,,
702,UT,Uttarakhand,UT_Tehri Garhwal,Tehri Garhwal,6210,1234,4390,20,566,87,23,64,0,,
703,UT,Uttarakhand,UT_Udham Singh Nagar,Udham Singh Nagar,16626,2578,13471,148,429,283,83,199,1,,
704,UT,Uttarakhand,UT_Uttarkashi,Uttarkashi,4574,584,3795,18,177,45,11,34,0,,
705,WB,West Bengal,WB_Alipurduar,Alipurduar,8063,182,7794,87,0,24,8,16,0,,
706,WB,West Bengal,WB_Bankura,Bankura,14084,1058,12932,94,0,116,-8,124,0,,
707,WB,West Bengal,WB_Birbhum,Birbhum,19340,4629,14601,110,0,704,156,546,2,,
708,WB,West Bengal,WB_Cooch Behar,Cooch Behar,12990,691,12226,73,0,163,90,72,1,,
709,WB,West Bengal,WB_Dakshin Dinajpur,Dakshin Dinajpur,9210,576,8558,76,0,126,67,59,0,,
710,WB,West Bengal,WB_Darjeeling,Darjeeling,22175,2042,19917,216,0,301,108,191,2,,
711,WB,West Bengal,WB_Hooghly,Hooghly,38328,4265,33535,528,0,818,372,441,5,,
712,WB,West Bengal,WB_Howrah,Howrah,47378,5482,40796,1100,0,914,369,543,2,,
713,WB,West Bengal,WB_Jalpaiguri,Jalpaiguri,16892,1167,15545,180,0,217,118,97,2,,
714,WB,West Bengal,WB_Jhargram,Jhargram,3422,261,3139,22,0,77,60,17,0,,
715,WB,West Bengal,WB_Kalimpong,Kalimpong,2475,135,2312,28,0,18,7,11,0,,
716,WB,West Bengal,WB_Kolkata,Kolkata,176103,22849,149915,3339,0,3873,1324,2523,26,,
717,WB,West Bengal,WB_Malda,Malda,19796,4061,15590,145,0,644,233,407,4,,
719,WB,West Bengal,WB_Murshidabad,Murshidabad,18667,3557,14939,171,0,502,106,396,0,,
720,WB,West Bengal,WB_Nadia,Nadia,28814,3426,25051,337,0,637,280,356,1,,
721,WB,West Bengal,WB_North 24 Parganas,North 24 Parganas,162627,18505,141429,2693,0,3422,1159,2252,11,,
0,WB,West Bengal,WB_Other State,Other State,66,0,63,3,0,0,0,0,0,,
722,WB,West Bengal,WB_Paschim Bardhaman,Paschim Bardhaman,25625,5353,20084,188,0,770,302,467,1,,
718,WB,West Bengal,WB_Paschim Medinipur,Paschim Medinipur,22035,921,20792,322,0,126,36,88,2,,
723,WB,West Bengal,WB_Purba Bardhaman,Purba Bardhaman,17247,2791,14348,108,0,457,345,112,0,,
724,WB,West Bengal,WB_Purba Medinipur,Purba Medinipur,25033,2561,22181,291,0,505,283,222,0,,
725,WB,West Bengal,WB_Purulia,Purulia,12040,2997,8986,57,0,401,192,209,0,,
726,WB,West Bengal,WB_South 24 Parganas,South 24 Parganas,48499,6110,41629,760,0,980,448,525,7,,
727,WB,West Bengal,WB_Uttar Dinajpur,Uttar Dinajpur,9033,1330,7622,81,0,197,94,101,2,,
728,AN,Andaman and Nicobar Islands,AN_Unknown,Unknown,5613,113,5434,66,0,0,0,0,0,,
729,AP,Andhra Pradesh,AP_Unknown,Unknown,0,0,0,0,0,0,0,0,0,,
730,AR,Arunachal Pradesh,AR_Unknown,Unknown,0,0,0,0,0,0,0,0,0,,
731,AS,Assam,AS_Unknown,Unknown,109341,-65982,173593,383,1347,0,0,0,0,,
732,BR,Bihar,BR_Unknown,Unknown,0,0,0,0,0,0,0,0,0,,
733,CH,Chandigarh,CH_Unknown,Unknown,0,0,0,0,0,0,0,0,0,,
734,CT,Chhattisgarh,CT_Unknown,Unknown,0,0,0,0,0,0,0,0,0,,
735,DN,Dadra and Nagar Haveli and Daman and Diu,DN_Unknown,Unknown,0,0,0,0,0,0,0,0,0,,
737,DL,Delhi,DL_Unknown,Unknown,1026927,93805,918875,14247,0,0,0,0,0,,
738,GA,Goa,GA_Unknown,Unknown,73419,11634,60922,863,0,0,0,0,0,,
739,GJ,Gujarat,GJ_Unknown,Unknown,0,0,0,0,0,0,0,0,0,,
740,HR,Haryana,HR_Unknown,Unknown,0,0,0,0,0,0,0,0,0,,
741,HP,Himachal Pradesh,HP_Unknown,Unknown,0,0,0,0,0,0,0,0,0,,
742,JK,Jammu and Kashmir,JK_Unknown,Unknown,0,0,0,0,0,0,0,0,0,,
743,JH,Jharkhand,JH_Unknown,Unknown,0,0,0,0,0,0,0,0,0,,
744,KA,Karnataka,KA_Unknown,Unknown,0,0,0,0,0,0,0,0,0,,
745,KL,Kerala,KL_Unknown,Unknown,0,0,0,0,0,0,0,0,0,,
746,LA,Ladakh,LA_Unknown,Unknown,0,0,0,0,0,0,0,0,0,,
747,LD,Lakshadweep,LD_Unknown,Unknown,0,0,0,0,0,0,0,0,0,,
748,MP,Madhya Pradesh,MP_Unknown,Unknown,0,0,0,0,0,0,0,0,0,,
749,MH,Maharashtra,MH_Unknown,Unknown,0,0,0,0,0,0,0,0,0,,
750,MN,Manipur,MN_Unknown,Unknown,1416,-25967,27319,64,0,0,0,0,0,,
751,ML,Meghalaya,ML_Unknown,Unknown,0,0,0,0,0,0,0,0,0,,
752,MZ,Mizoram,MZ_Unknown,Unknown,0,0,0,0,0,0,0,0,0,,
753,NL,Nagaland,NL_Unknown,Unknown,180,165,15,0,0,0,0,0,0,,
754,OR,Odisha,OR_Unknown,Unknown,0,0,0,0,0,0,0,0,0,,
755,PY,Puducherry,PY_Unknown,Unknown,0,0,0,0,0,0,0,0,0,,
756,PB,Punjab,PB_Unknown,Unknown,0,0,0,0,0,0,0,0,0,,
757,RJ,Rajasthan,RJ_Unknown,Unknown,0,0,0,0,0,0,0,0,0,,
758,SK,Sikkim,SK_Unknown,Unknown,3953,-1214,4878,135,154,0,0,0,0,,
759,TN,Tamil Nadu,TN_Unknown,Unknown,0,0,0,0,0,0,0,0,0,,
760,TG,Telangana,TG_Unknown,Unknown,1048,-334521,333557,2012,0,0,0,0,0,,
761,TR,Tripura,TR_Unknown,Unknown,0,0,0,0,0,0,0,0,0,,
762,UP,Uttar Pradesh,UP_Unknown,Unknown,0,0,0,0,0,0,0,0,0,,
763,UT,Uttarakhand,UT_Unknown,Unknown,0,0,0,0,0,0,0,0,0,,
764,WB,West Bengal,WB_Unknown,Unknown,0,0,0,0,0,0,0,0,0,,