Entry_ID,State Patient Number,Date Announced,Age Bracket,Gender,,Detected District,Detected State,State code,Num Cases,Current Status,Contracted from which Patient (Suspected),Notes,Source_1,Source_2,Source_3,Nationality,Type of transmission,Status Change Date,Patient Number
726865,,28/07/2021,,,,Anantapur,Andhra Pradesh,AP,70,Hospitalized,,,https://twitter.com/ArogyaAndhra/status/1420360601956622340,,,,,,
726866,,28/07/2021,,,,Chittoor,Andhra Pradesh,AP,220,Hospitalized,,,https://twitter.com/ArogyaAndhra/status/1420360601956622340,,,,,,
726867,,28/07/2021,,,,East Godavari,Andhra Pradesh,AP,386,Hospitalized,,,https://twitter.com/ArogyaAndhra/status/1420360601956622340,,,,,,
726868,,28/07/2021,,,,Guntur,Andhra Pradesh,AP,170,Hospitalized,,,https://twitter.com/ArogyaAndhra/status/1420360601956622340,,,,,,
726869,,28/07/2021,,,,Krishna,Andhra Pradesh,AP,293,Hospitalized,,,https://twitter.com/ArogyaAndhra/status/1420360601956622340,,,,,,
726870,,28/07/2021,,,,Kurnool,Andhra Pradesh,AP,10,Hospitalized,,,https://twitter.com/ArogyaAndhra/status/1420360601956622340,,,,,,
726871,,28/07/2021,,,,S.P.S. Nellore,Andhra Pradesh,AP,206,Hospitalized,,,https://twitter.com/ArogyaAndhra/status/1420360601956622340,,,,,,
726872,,28/07/2021,,,,Prakasam,Andhra Pradesh,AP,216,Hospitalized,,,https://twitter.com/ArogyaAndhra/status/1420360601956622340,,,,,,
726873,,28/07/2021,,,,Srikakulam,Andhra Pradesh,AP,46,Hospitalized,,,https://twitter.com/ArogyaAndhra/status/1420360601956622340,,,,,,
726874,,28/07/2021,,,,Visakhapatnam,Andhra Pradesh,AP,120,Hospitalized,,,https://twitter.com/ArogyaAndhra/status/1420360601956622340,,,,,,
726875,,28/07/2021,,,,Vizianagaram,Andhra Pradesh,AP,25,Hospitalized,,,https://twitter.com/ArogyaAndhra/status/1420360601956622340,,,,,,
726876,,28/07/2021,,,,West Godavari,Andhra Pradesh,AP,106,Hospitalized,,,https://twitter.com/ArogyaAndhra/status/1420360601956622340,,,,,,
726877,,28/07/2021,,,,Anantapur,Andhra Pradesh,AP,69,Recovered,,,https://twitter.com/ArogyaAndhra/status/1420360601956622340,,,,,,
726878,,28/07/2021,,,,Chittoor,Andhra Pradesh,AP,258,Recovered,,,https://twitter.com/ArogyaAndhra/status/1420360601956622340,,,,,,
726879,,28/07/2021,,,,East Godavari,Andhra Pradesh,AP,189,Recovered,,,https://twitter.com/ArogyaAndhra/status/1420360601956622340,,,,,,
726880,,28/07/2021,,,,Guntur,Andhra Pradesh,AP,134,Recovered,,,https://twitter.com/ArogyaAndhra/status/1420360601956622340,,,,,,
726881,,28/07/2021,,,,Krishna,Andhra Pradesh,AP,313,Recovered,,,https://twitter.com/ArogyaAndhra/status/1420360601956622340,,,,,,
726882,,28/07/2021,,,,Kurnool,Andhra Pradesh,AP,24,Recovered,,,https://twitter.com/ArogyaAndhra/status/1420360601956622340,,,,,,
726883,,28/07/2021,,,,S.P.S. Nellore,Andhra Pradesh,AP,158,Recovered,,,https://twitter.com/ArogyaAndhra/status/1420360601956622340,,,,,,
726884,,28/07/2021,,,,Prakasam,Andhra Pradesh,AP,264,Recovered,,,https://twitter.com/ArogyaAndhra/status/1420360601956622340,,,,,,
726885,,28/07/2021,,,,Srikakulam,Andhra Pradesh,AP,72,Recovered,,,https://twitter.com/ArogyaAndhra/status/1420360601956622340,,,,,,
726886,,28/07/2021,,,,Visakhapatnam,Andhra Pradesh,AP,116,Recovered,,,https://twitter.com/ArogyaAndhra/status/1420360601956622340,,,,,,
726887,,28/07/2021,,,,Vizianagaram,Andhra Pradesh,AP,23,Recovered,,,https://twitter.com/ArogyaAndhra/status/1420360601956622340,,,,,,
726888,,28/07/2021,,,,West Godavari,Andhra Pradesh,AP,226,Recovered,,,https://twitter.com/ArogyaAndhra/status/1420360601956622340,,,,,,
726889,,28/07/2021,,,,Chittoor,Andhra Pradesh,AP,3,Deceased,,,https://twitter.com/ArogyaAndhra/status/1420360601956622340,,,,,,
726890,,28/07/2021,,,,East Godavari,Andhra Pradesh,AP,2,Deceased,,,https://twitter.com/ArogyaAndhra/status/1420360601956622340,,,,,,
726891,,28/07/2021,,,,Guntur,Andhra Pradesh,AP,1,Deceased,,,https://twitter.com/ArogyaAndhra/status/1420360601956622340,,,,,,
726892,,28/07/2021,,,,Krishna,Andhra Pradesh,AP,4,Deceased,,,https://twitter.com/ArogyaAndhra/status/1420360601956622340,,,,,,
726893,,28/07/2021,,,,Kurnool,Andhra Pradesh,AP,1,Deceased,,,https://twitter.com/ArogyaAndhra/status/1420360601956622340,,,,,,
726894,,28/07/2021,,,,S.P.S. Nellore,Andhra Pradesh,AP,2,Deceased,,,https://twitter.com/ArogyaAndhra/status/1420360601956622340,,,,,,
726895,,28/07/2021,,,,Prakasam,Andhra Pradesh,AP,2,Deceased,,,https://twitter.com/ArogyaAndhra/status/1420360601956622340,,,,,,
726896,,28/07/2021,,,,Srikakulam,Andhra Pradesh,AP,1,Deceased,,,https://twitter.com/ArogyaAndhra/status/1420360601956622340,,,,,,
726897,,28/07/2021,,,,West Godavari,Andhra Pradesh,AP,3,Deceased,,,https://twitter.com/ArogyaAndhra/status/1420360601956622340,,,,,,
726898,,28/07/2021,,,,Y.S.R. Kadapa,Andhra Pradesh,AP,142,Hospitalized,,,https://twitter.com/ArogyaAndhra/status/1420360601956622340,,,,,,
726899,,28/07/2021,,,,Y.S.R. Kadapa,Andhra Pradesh,AP,110,Recovered,,,https://twitter.com/ArogyaAndhra/status/1420360601956622340,,,,,,
726900,,28/07/2021,,,,Y.S.R. Kadapa,Andhra Pradesh,AP,1,Deceased,,,https://twitter.com/ArogyaAndhra/status/1420360601956622340,,,,,,
726901,,28/07/2021,,,,,Goa,GA,81,Hospitalized,,,https://www.goa.gov.in/wp-content/uploads/2021/07/Media-Bulletin-28th-July-2021.pdf,,,,,,
726902,,28/07/2021,,,,,Goa,GA,127,Recovered,,,https://www.goa.gov.in/wp-content/uploads/2021/07/Media-Bulletin-28th-July-2021.pdf,,,,,,
726903,,28/07/2021,,,,,Goa,GA,2,Deceased,,,https://www.goa.gov.in/wp-content/uploads/2021/07/Media-Bulletin-28th-July-2021.pdf,,,,,,
726904,,28/07/2021,,,,Bagalkote,Karnataka,KA,3,Hospitalized,,,https://t.co/bx0S6bWYsZ?amp=1,https://twitter.com/DHFWKA/status/1420366347188400130,,,,,
726905,,28/07/2021,,,,Ballari,Karnataka,KA,7,Hospitalized,,,https://t.co/bx0S6bWYsZ?amp=1,https://twitter.com/DHFWKA/status/1420366347188400130,,,,,
726906,,28/07/2021,,,,Belagavi,Karnataka,KA,24,Hospitalized,,,https://t.co/bx0S6bWYsZ?amp=1,https://twitter.com/DHFWKA/status/1420366347188400130,,,,,
726907,,28/07/2021,,,,Bengaluru Rural,Karnataka,KA,21,Hospitalized,,,https://t.co/bx0S6bWYsZ?amp=1,https://twitter.com/DHFWKA/status/1420366347188400130,,,,,
726908,,28/07/2021,,,,Bengaluru Urban,Karnataka,KA,376,Hospitalized,,,https://t.co/bx0S6bWYsZ?amp=1,https://twitter.com/DHFWKA/status/1420366347188400130,,,,,
726909,,28/07/2021,,,,Bidar,Karnataka,KA,2,Hospitalized,,,https://t.co/bx0S6bWYsZ?amp=1,https://twitter.com/DHFWKA/status/1420366347188400130,,,,,
726910,,28/07/2021,,,,Chikkaballapura,Karnataka,KA,12,Hospitalized,,,https://t.co/bx0S6bWYsZ?amp=1,https://twitter.com/DHFWKA/status/1420366347188400130,,,,,
726911,,28/07/2021,,,,Chikkamagaluru,Karnataka,KA,51,Hospitalized,,,https://t.co/bx0S6bWYsZ?amp=1,https://twitter.com/DHFWKA/status/1420366347188400130,,,,,
726912,,28/07/2021,,,,Chitradurga,Karnataka,KA,18,Hospitalized,,,https://t.co/bx0S6bWYsZ?amp=1,https://twitter.com/DHFWKA/status/1420366347188400130,,,,,
726913,,28/07/2021,,,,Dakshina Kannada,Karnataka,KA,337,Hospitalized,,,https://t.co/bx0S6bWYsZ?amp=1,https://twitter.com/DHFWKA/status/1420366347188400130,,,,,
726914,,28/07/2021,,,,Davanagere,Karnataka,KA,15,Hospitalized,,,https://t.co/bx0S6bWYsZ?amp=1,https://twitter.com/DHFWKA/status/1420366347188400130,,,,,
726915,,28/07/2021,,,,Dharwad,Karnataka,KA,3,Hospitalized,,,https://t.co/bx0S6bWYsZ?amp=1,https://twitter.com/DHFWKA/status/1420366347188400130,,,,,
726916,,28/07/2021,,,,Hassan,Karnataka,KA,97,Hospitalized,,,https://t.co/bx0S6bWYsZ?amp=1,https://twitter.com/DHFWKA/status/1420366347188400130,,,,,
726917,,28/07/2021,,,,Haveri,Karnataka,KA,2,Hospitalized,,,https://t.co/bx0S6bWYsZ?amp=1,https://twitter.com/DHFWKA/status/1420366347188400130,,,,,
726918,,28/07/2021,,,,Kalaburagi,Karnataka,KA,19,Hospitalized,,,https://t.co/bx0S6bWYsZ?amp=1,https://twitter.com/DHFWKA/status/1420366347188400130,,,,,
726919,,28/07/2021,,,,Kodagu,Karnataka,KA,78,Hospitalized,,,https://t.co/bx0S6bWYsZ?amp=1,https://twitter.com/DHFWKA/status/1420366347188400130,,,,,
726920,,28/07/2021,,,,Kolar,Karnataka,KA,9,Hospitalized,,,https://t.co/bx0S6bWYsZ?amp=1,https://twitter.com/DHFWKA/status/1420366347188400130,,,,,
726921,,28/07/2021,,,,Mandya,Karnataka,KA,38,Hospitalized,,,https://t.co/bx0S6bWYsZ?amp=1,https://twitter.com/DHFWKA/status/1420366347188400130,,,,,
726922,,28/07/2021,,,,Mysuru,Karnataka,KA,93,Hospitalized,,,https://t.co/bx0S6bWYsZ?amp=1,https://twitter.com/DHFWKA/status/1420366347188400130,,,,,
726923,,28/07/2021,,,,Raichur,Karnataka,KA,1,Hospitalized,,,https://t.co/bx0S6bWYsZ?amp=1,https://twitter.com/DHFWKA/status/1420366347188400130,,,,,
726924,,28/07/2021,,,,Shivamogga,Karnataka,KA,86,Hospitalized,,,https://t.co/bx0S6bWYsZ?amp=1,https://twitter.com/DHFWKA/status/1420366347188400130,,,,,
726925,,28/07/2021,,,,Tumakuru,Karnataka,KA,39,Hospitalized,,,https://t.co/bx0S6bWYsZ?amp=1,https://twitter.com/DHFWKA/status/1420366347188400130,,,,,
726926,,28/07/2021,,,,Udupi,Karnataka,KA,109,Hospitalized,,,https://t.co/bx0S6bWYsZ?amp=1,https://twitter.com/DHFWKA/status/1420366347188400130,,,,,
726927,,28/07/2021,,,,Uttara Kannada,Karnataka,KA,57,Hospitalized,,,https://t.co/bx0S6bWYsZ?amp=1,https://twitter.com/DHFWKA/status/1420366347188400130,,,,,
726928,,28/07/2021,,,,Vijayapura,Karnataka,KA,4,Hospitalized,,,https://t.co/bx0S6bWYsZ?amp=1,https://twitter.com/DHFWKA/status/1420366347188400130,,,,,
726929,,28/07/2021,,,,Yadgir,Karnataka,KA,1,Hospitalized,,,https://t.co/bx0S6bWYsZ?amp=1,https://twitter.com/DHFWKA/status/1420366347188400130,,,,,
726930,,28/07/2021,,,,Bagalkote,Karnataka,KA,1,Recovered,,,https://t.co/bx0S6bWYsZ?amp=1,https://twitter.com/DHFWKA/status/1420366347188400130,,,,,
726931,,28/07/2021,,,,Ballari,Karnataka,KA,9,Recovered,,,https://t.co/bx0S6bWYsZ?amp=1,https://twitter.com/DHFWKA/status/1420366347188400130,,,,,
726932,,28/07/2021,,,,Belagavi,Karnataka,KA,55,Recovered,,,https://t.co/bx0S6bWYsZ?amp=1,https://twitter.com/DHFWKA/status/1420366347188400130,,,,,
726933,,28/07/2021,,,,Bengaluru Rural,Karnataka,KA,39,Recovered,,,https://t.co/bx0S6bWYsZ?amp=1,https://twitter.com/DHFWKA/status/1420366347188400130,,,,,
726934,,28/07/2021,,,,Bengaluru Urban,Karnataka,KA,244,Recovered,,,https://t.co/bx0S6bWYsZ?amp=1,https://twitter.com/DHFWKA/status/1420366347188400130,,,,,
726935,,28/07/2021,,,,Chikkaballapura,Karnataka,KA,9,Recovered,,,https://t.co/bx0S6bWYsZ?amp=1,https://twitter.com/DHFWKA/status/1420366347188400130,,,,,
726936,,28/07/2021,,,,Chikkamagaluru,Karnataka,KA,59,Recovered,,,https://t.co/bx0S6bWYsZ?amp=1,https://twitter.com/DHFWKA/status/1420366347188400130,,,,,
726937,,28/07/2021,,,,Chitradurga,Karnataka,KA,12,Recovered,,,https://t.co/bx0S6bWYsZ?amp=1,https://twitter.com/DHFWKA/status/1420366347188400130,,,,,
726938,,28/07/2021,,,,Dakshina Kannada,Karnataka,KA,148,Recovered,,,https://t.co/bx0S6bWYsZ?amp=1,https://twitter.com/DHFWKA/status/1420366347188400130,,,,,
726939,,28/07/2021,,,,Davanagere,Karnataka,KA,10,Recovered,,,https://t.co/bx0S6bWYsZ?amp=1,https://twitter.com/DHFWKA/status/1420366347188400130,,,,,
726940,,28/07/2021,,,,Dharwad,Karnataka,KA,5,Recovered,,,https://t.co/bx0S6bWYsZ?amp=1,https://twitter.com/DHFWKA/status/1420366347188400130,,,,,
726941,,28/07/2021,,,,Gadag,Karnataka,KA,2,Recovered,,,https://t.co/bx0S6bWYsZ?amp=1,https://twitter.com/DHFWKA/status/1420366347188400130,,,,,
726942,,28/07/2021,,,,Hassan,Karnataka,KA,115,Recovered,,,https://t.co/bx0S6bWYsZ?amp=1,https://twitter.com/DHFWKA/status/1420366347188400130,,,,,
726943,,28/07/2021,,,,Haveri,Karnataka,KA,3,Recovered,,,https://t.co/bx0S6bWYsZ?amp=1,https://twitter.com/DHFWKA/status/1420366347188400130,,,,,
726944,,28/07/2021,,,,Kalaburagi,Karnataka,KA,6,Recovered,,,https://t.co/bx0S6bWYsZ?amp=1,https://twitter.com/DHFWKA/status/1420366347188400130,,,,,
726945,,28/07/2021,,,,Kodagu,Karnataka,KA,72,Recovered,,,https://t.co/bx0S6bWYsZ?amp=1,https://twitter.com/DHFWKA/status/1420366347188400130,,,,,
726946,,28/07/2021,,,,Kolar,Karnataka,KA,19,Recovered,,,https://t.co/bx0S6bWYsZ?amp=1,https://twitter.com/DHFWKA/status/1420366347188400130,,,,,
726947,,28/07/2021,,,,Koppal,Karnataka,KA,2,Recovered,,,https://t.co/bx0S6bWYsZ?amp=1,https://twitter.com/DHFWKA/status/1420366347188400130,,,,,
726948,,28/07/2021,,,,Mandya,Karnataka,KA,35,Recovered,,,https://t.co/bx0S6bWYsZ?amp=1,https://twitter.com/DHFWKA/status/1420366347188400130,,,,,
726949,,28/07/2021,,,,Mysuru,Karnataka,KA,245,Recovered,,,https://t.co/bx0S6bWYsZ?amp=1,https://twitter.com/DHFWKA/status/1420366347188400130,,,,,
726950,,28/07/2021,,,,Raichur,Karnataka,KA,6,Recovered,,,https://t.co/bx0S6bWYsZ?amp=1,https://twitter.com/DHFWKA/status/1420366347188400130,,,,,
726951,,28/07/2021,,,,Ramanagara,Karnataka,KA,10,Recovered,,,https://t.co/bx0S6bWYsZ?amp=1,https://twitter.com/DHFWKA/status/1420366347188400130,,,,,
726952,,28/07/2021,,,,Shivamogga,Karnataka,KA,79,Recovered,,,https://t.co/bx0S6bWYsZ?amp=1,https://twitter.com/DHFWKA/status/1420366347188400130,,,,,
726953,,28/07/2021,,,,Tumakuru,Karnataka,KA,99,Recovered,,,https://t.co/bx0S6bWYsZ?amp=1,https://twitter.com/DHFWKA/status/1420366347188400130,,,,,
726954,,28/07/2021,,,,Udupi,Karnataka,KA,85,Recovered,,,https://t.co/bx0S6bWYsZ?amp=1,https://twitter.com/DHFWKA/status/1420366347188400130,,,,,
726955,,28/07/2021,,,,Uttara Kannada,Karnataka,KA,37,Recovered,,,https://t.co/bx0S6bWYsZ?amp=1,https://twitter.com/DHFWKA/status/1420366347188400130,,,,,
726956,,28/07/2021,,,,Vijayapura,Karnataka,KA,11,Recovered,,,https://t.co/bx0S6bWYsZ?amp=1,https://twitter.com/DHFWKA/status/1420366347188400130,,,,,
726957,,28/07/2021,,,,Yadgir,Karnataka,KA,1,Recovered,,,https://t.co/bx0S6bWYsZ?amp=1,https://twitter.com/DHFWKA/status/1420366347188400130,,,,,
726958,,28/07/2021,,,,Bengaluru Rural,Karnataka,KA,2,Deceased,,,https://t.co/bx0S6bWYsZ?amp=1,https://twitter.com/DHFWKA/status/1420366347188400130,,,,,
726959,,28/07/2021,,,,Bengaluru Urban,Karnataka,KA,3,Deceased,,,https://t.co/bx0S6bWYsZ?amp=1,https://twitter.com/DHFWKA/status/1420366347188400130,,,,,
726960,,28/07/2021,,,,Chikkaballapura,Karnataka,KA,1,Deceased,,,https://t.co/bx0S6bWYsZ?amp=1,https://twitter.com/DHFWKA/status/1420366347188400130,,,,,
726961,,28/07/2021,,,,Chikkamagaluru,Karnataka,KA,1,Deceased,,,https://t.co/bx0S6bWYsZ?amp=1,https://twitter.com/DHFWKA/status/1420366347188400130,,,,,
726962,,28/07/2021,,,,Dakshina Kannada,Karnataka,KA,5,Deceased,,,https://t.co/bx0S6bWYsZ?amp=1,https://twitter.com/DHFWKA/status/1420366347188400130,,,,,
726963,,28/07/2021,,,,Hassan,Karnataka,KA,1,Deceased,,,https://t.co/bx0S6bWYsZ?amp=1,https://twitter.com/DHFWKA/status/1420366347188400130,,,,,
726964,,28/07/2021,,,,Kodagu,Karnataka,KA,1,Deceased,,,https://t.co/bx0S6bWYsZ?amp=1,https://twitter.com/DHFWKA/status/1420366347188400130,,,,,
726965,,28/07/2021,,,,Mandya,Karnataka,KA,1,Deceased,,,https://t.co/bx0S6bWYsZ?amp=1,https://twitter.com/DHFWKA/status/1420366347188400130,,,,,
726966,,28/07/2021,,,,Mysuru,Karnataka,KA,1,Deceased,,,https://t.co/bx0S6bWYsZ?amp=1,https://twitter.com/DHFWKA/status/1420366347188400130,,,,,
726967,,28/07/2021,,,,Shivamogga,Karnataka,KA,1,Deceased,,,https://t.co/bx0S6bWYsZ?amp=1,https://twitter.com/DHFWKA/status/1420366347188400130,,,,,
726968,,28/07/2021,,,,Udupi,Karnataka,KA,2,Deceased,,,https://t.co/bx0S6bWYsZ?amp=1,https://twitter.com/DHFWKA/status/1420366347188400130,,,,,
726969,,28/07/2021,,,,Chamarajanagara,Karnataka,KA,29,Hospitalized,,,https://t.co/bx0S6bWYsZ?amp=1,https://twitter.com/DHFWKA/status/1420366347188400130,,,,,
726970,,28/07/2021,,,,Chamarajanagara,Karnataka,KA,12,Recovered,,,https://t.co/bx0S6bWYsZ?amp=1,https://twitter.com/DHFWKA/status/1420366347188400130,,,,,
726971,,28/07/2021,,,,East Khasi Hills,Meghalaya,ML,244,Hospitalized,,,https://twitter.com/PIBShillong/status/1420327923874091015,,,,,,
726972,,28/07/2021,,,,Ribhoi,Meghalaya,ML,45,Hospitalized,,,https://twitter.com/PIBShillong/status/1420327923874091015,,,,,,
726973,,28/07/2021,,,,West Garo Hills,Meghalaya,ML,109,Hospitalized,,,https://twitter.com/PIBShillong/status/1420327923874091015,,,,,,
726974,,28/07/2021,,,,West Jaintia Hills,Meghalaya,ML,21,Hospitalized,,,https://twitter.com/PIBShillong/status/1420327923874091015,,,,,,
726975,,28/07/2021,,,,East Jaintia Hills,Meghalaya,ML,13,Hospitalized,,,https://twitter.com/PIBShillong/status/1420327923874091015,,,,,,
726976,,28/07/2021,,,,West Khasi Hills,Meghalaya,ML,62,Hospitalized,,,https://twitter.com/PIBShillong/status/1420327923874091015,,,,,,
726977,,28/07/2021,,,,South West Garo Hills,Meghalaya,ML,2,Hospitalized,,,https://twitter.com/PIBShillong/status/1420327923874091015,,,,,,
726978,,28/07/2021,,,,East Garo Hills,Meghalaya,ML,10,Hospitalized,,,https://twitter.com/PIBShillong/status/1420327923874091015,,,,,,
726979,,28/07/2021,,,,South West Khasi Hills,Meghalaya,ML,23,Hospitalized,,,https://twitter.com/PIBShillong/status/1420327923874091015,,,,,,
726980,,28/07/2021,,,,North Garo Hills,Meghalaya,ML,6,Hospitalized,,,https://twitter.com/PIBShillong/status/1420327923874091015,,,,,,
726981,,28/07/2021,,,,South Garo Hills,Meghalaya,ML,6,Hospitalized,,,https://twitter.com/PIBShillong/status/1420327923874091015,,,,,,
726982,,28/07/2021,,,,East Khasi Hills,Meghalaya,ML,107,Recovered,,,https://twitter.com/PIBShillong/status/1420327923874091015,,,,,,
726983,,28/07/2021,,,,Ribhoi,Meghalaya,ML,93,Recovered,,,https://twitter.com/PIBShillong/status/1420327923874091015,,,,,,
726984,,28/07/2021,,,,West Garo Hills,Meghalaya,ML,121,Recovered,,,https://twitter.com/PIBShillong/status/1420327923874091015,,,,,,
726985,,28/07/2021,,,,West Jaintia Hills,Meghalaya,ML,25,Recovered,,,https://twitter.com/PIBShillong/status/1420327923874091015,,,,,,
726986,,28/07/2021,,,,East Jaintia Hills,Meghalaya,ML,4,Recovered,,,https://twitter.com/PIBShillong/status/1420327923874091015,,,,,,
726987,,28/07/2021,,,,West Khasi Hills,Meghalaya,ML,20,Recovered,,,https://twitter.com/PIBShillong/status/1420327923874091015,,,,,,
726988,,28/07/2021,,,,South West Garo Hills,Meghalaya,ML,4,Recovered,,,https://twitter.com/PIBShillong/status/1420327923874091015,,,,,,
726989,,28/07/2021,,,,South West Khasi Hills,Meghalaya,ML,11,Recovered,,,https://twitter.com/PIBShillong/status/1420327923874091015,,,,,,
726990,,28/07/2021,,,,North Garo Hills,Meghalaya,ML,15,Recovered,,,https://twitter.com/PIBShillong/status/1420327923874091015,,,,,,
726991,,28/07/2021,,,,South Garo Hills,Meghalaya,ML,9,Recovered,,,https://twitter.com/PIBShillong/status/1420327923874091015,,,,,,
726992,,28/07/2021,,,,East Khasi Hills,Meghalaya,ML,4,Deceased,,,https://twitter.com/PIBShillong/status/1420327923874091015,,,,,,
726993,,28/07/2021,,,,Ribhoi,Meghalaya,ML,2,Deceased,,,https://twitter.com/PIBShillong/status/1420327923874091015,,,,,,
726994,,28/07/2021,,,,West Jaintia Hills,Meghalaya,ML,1,Deceased,,,https://twitter.com/PIBShillong/status/1420327923874091015,,,,,,
726995,,28/07/2021,,,,West Khasi Hills,Meghalaya,ML,1,Deceased,,,https://twitter.com/PIBShillong/status/1420327923874091015,,,,,,
726996,,28/07/2021,,,,Aizawl,Mizoram,MZ,1,Deceased,,,,,,,,,
726997,,28/07/2021,,,,Aizawl,Mizoram,MZ,487,Hospitalized,,,,,,,,,
726998,,28/07/2021,,,,Champhai,Mizoram,MZ,3,Hospitalized,,,,,,,,,
726999,,28/07/2021,,,,Kolasib,Mizoram,MZ,74,Hospitalized,,,,,,,,,
727000,,28/07/2021,,,,Lawngtlai,Mizoram,MZ,51,Hospitalized,,,,,,,,,
727001,,28/07/2021,,,,Lunglei,Mizoram,MZ,53,Hospitalized,,,,,,,,,
727002,,28/07/2021,,,,Saiha,Mizoram,MZ,4,,,,,,,,,,
727003,,28/07/2021,,,,,,,,,,,,,,,,,
727004,,28/07/2021,,,,,,,,,,,,,,,,,
727005,,28/07/2021,,,,,,,,,,,,,,,,,
727006,,28/07/2021,,,,,,,,,,,,,,,,,
727007,,28/07/2021,,,,,,,,,,,,,,,,,
727008,,28/07/2021,,,,,,,,,,,,,,,,,
727009,,28/07/2021,,,,,,,,,,,,,,,,,
727010,,28/07/2021,,,,,,,,,,,,,,,,,
727011,,28/07/2021,,,,,,,,,,,,,,,,,
727012,,28/07/2021,,,,,,,,,,,,,,,,,
727013,,28/07/2021,,,,,,,,,,,,,,,,,
727014,,28/07/2021,,,,,,,,,,,,,,,,,
727015,,28/07/2021,,,,,,,,,,,,,,,,,
727016,,28/07/2021,,,,,,,,,,,,,,,,,
727017,,28/07/2021,,,,,,,,,,,,,,,,,
727018,,28/07/2021,,,,,,,,,,,,,,,,,
727019,,28/07/2021,,,,,,,,,,,,,,,,,
727020,,28/07/2021,,,,,,,,,,,,,,,,,
727021,,28/07/2021,,,,,,,,,,,,,,,,,
727022,,28/07/2021,,,,,,,,,,,,,,,,,
727023,,28/07/2021,,,,,,,,,,,,,,,,,
727024,,28/07/2021,,,,,,,,,,,,,,,,,
727025,,28/07/2021,,,,,,,,,,,,,,,,,
727026,,28/07/2021,,,,,,,,,,,,,,,,,
727027,,28/07/2021,,,,,,,,,,,,,,,,,
727028,,28/07/2021,,,,,,,,,,,,,,,,,
727029,,28/07/2021,,,,,,,,,,,,,,,,,
727030,,28/07/2021,,,,,,,,,,,,,,,,,
727031,,28/07/2021,,,,,,,,,,,,,,,,,
727032,,28/07/2021,,,,,,,,,,,,,,,,,
727033,,28/07/2021,,,,,,,,,,,,,,,,,
727034,,28/07/2021,,,,,,,,,,,,,,,,,
727035,,28/07/2021,,,,,,,,,,,,,,,,,
727036,,28/07/2021,,,,,,,,,,,,,,,,,
727037,,28/07/2021,,,,,,,,,,,,,,,,,
727038,,28/07/2021,,,,,,,,,,,,,,,,,
727039,,28/07/2021,,,,,,,,,,,,,,,,,
727040,,28/07/2021,,,,,,,,,,,,,,,,,
727041,,28/07/2021,,,,,,,,,,,,,,,,,
727042,,28/07/2021,,,,,,,,,,,,,,,,,
727043,,28/07/2021,,,,,,,,,,,,,,,,,
727044,,28/07/2021,,,,,,,,,,,,,,,,,
727045,,28/07/2021,,,,,,,,,,,,,,,,,
727046,,28/07/2021,,,,,,,,,,,,,,,,,
727047,,28/07/2021,,,,,,,,,,,,,,,,,
727048,,28/07/2021,,,,,,,,,,,,,,,,,
727049,,28/07/2021,,,,,,,,,,,,,,,,,
727050,,28/07/2021,,,,,,,,,,,,,,,,,
727051,,28/07/2021,,,,,,,,,,,,,,,,,
727052,,28/07/2021,,,,,,,,,,,,,,,,,
727053,,28/07/2021,,,,,,,,,,,,,,,,,
727054,,28/07/2021,,,,,,,,,,,,,,,,,
727055,,28/07/2021,,,,,,,,,,,,,,,,,
727056,,28/07/2021,,,,,,,,,,,,,,,,,
727057,,28/07/2021,,,,,,,,,,,,,,,,,
727058,,28/07/2021,,,,,,,,,,,,,,,,,
727059,,28/07/2021,,,,,,,,,,,,,,,,,
727060,,28/07/2021,,,,,,,,,,,,,,,,,
727061,,28/07/2021,,,,,,,,,,,,,,,,,
727062,,28/07/2021,,,,,,,,,,,,,,,,,
727063,,28/07/2021,,,,,,,,,,,,,,,,,
727064,,28/07/2021,,,,,,,,,,,,,,,,,
727065,,28/07/2021,,,,,,,,,,,,,,,,,
727066,,28/07/2021,,,,,,,,,,,,,,,,,
727067,,28/07/2021,,,,,,,,,,,,,,,,,
727068,,28/07/2021,,,,,,,,,,,,,,,,,
727069,,28/07/2021,,,,,,,,,,,,,,,,,
727070,,28/07/2021,,,,,,,,,,,,,,,,,
727071,,28/07/2021,,,,,,,,,,,,,,,,,
727072,,28/07/2021,,,,,,,,,,,,,,,,,
727073,,28/07/2021,,,,,,,,,,,,,,,,,
727074,,28/07/2021,,,,,,,,,,,,,,,,,
727075,,28/07/2021,,,,,,,,,,,,,,,,,
727076,,28/07/2021,,,,,,,,,,,,,,,,,
727077,,28/07/2021,,,,,,,,,,,,,,,,,
727078,,28/07/2021,,,,,,,,,,,,,,,,,
727079,,28/07/2021,,,,,,,,,,,,,,,,,
727080,,28/07/2021,,,,,,,,,,,,,,,,,
727081,,28/07/2021,,,,,,,,,,,,,,,,,
727082,,28/07/2021,,,,,,,,,,,,,,,,,
727083,,28/07/2021,,,,,,,,,,,,,,,,,
727084,,28/07/2021,,,,,,,,,,,,,,,,,
727085,,28/07/2021,,,,,,,,,,,,,,,,,
727086,,28/07/2021,,,,,,,,,,,,,,,,,
727087,,28/07/2021,,,,,,,,,,,,,,,,,
727088,,28/07/2021,,,,,,,,,,,,,,,,,
727089,,28/07/2021,,,,,,,,,,,,,,,,,
727090,,28/07/2021,,,,,,,,,,,,,,,,,
727091,,28/07/2021,,,,,,,,,,,,,,,,,
727092,,28/07/2021,,,,,,,,,,,,,,,,,
727093,,28/07/2021,,,,,,,,,,,,,,,,,
727094,,28/07/2021,,,,,,,,,,,,,,,,,
727095,,28/07/2021,,,,,,,,,,,,,,,,,
727096,,28/07/2021,,,,,,,,,,,,,,,,,
727097,,28/07/2021,,,,,,,,,,,,,,,,,
727098,,28/07/2021,,,,,,,,,,,,,,,,,
727099,,28/07/2021,,,,,,,,,,,,,,,,,
727100,,28/07/2021,,,,,,,,,,,,,,,,,
727101,,28/07/2021,,,,,,,,,,,,,,,,,
727102,,28/07/2021,,,,,,,,,,,,,,,,,
727103,,28/07/2021,,,,,,,,,,,,,,,,,
727104,,28/07/2021,,,,,,,,,,,,,,,,,
727105,,28/07/2021,,,,,,,,,,,,,,,,,
727106,,28/07/2021,,,,,,,,,,,,,,,,,
727107,,28/07/2021,,,,,,,,,,,,,,,,,
727108,,28/07/2021,,,,,,,,,,,,,,,,,
727109,,28/07/2021,,,,,,,,,,,,,,,,,
727110,,28/07/2021,,,,,,,,,,,,,,,,,
727111,,28/07/2021,,,,,,,,,,,,,,,,,
727112,,28/07/2021,,,,,,,,,,,,,,,,,
727113,,28/07/2021,,,,,,,,,,,,,,,,,
727114,,28/07/2021,,,,,,,,,,,,,,,,,
727115,,28/07/2021,,,,,,,,,,,,,,,,,
727116,,28/07/2021,,,,,,,,,,,,,,,,,
727117,,28/07/2021,,,,,,,,,,,,,,,,,
727118,,28/07/2021,,,,,,,,,,,,,,,,,
727119,,28/07/2021,,,,,,,,,,,,,,,,,
727120,,28/07/2021,,,,,,,,,,,,,,,,,
727121,,28/07/2021,,,,,,,,,,,,,,,,,
727122,,28/07/2021,,,,,,,,,,,,,,,,,
727123,,28/07/2021,,,,,,,,,,,,,,,,,
727124,,28/07/2021,,,,,,,,,,,,,,,,,
727125,,28/07/2021,,,,,,,,,,,,,,,,,
727126,,28/07/2021,,,,,,,,,,,,,,,,,
727127,,28/07/2021,,,,,,,,,,,,,,,,,
727128,,28/07/2021,,,,,,,,,,,,,,,,,
727129,,28/07/2021,,,,,,,,,,,,,,,,,
727130,,28/07/2021,,,,,,,,,,,,,,,,,
727131,,28/07/2021,,,,,,,,,,,,,,,,,
727132,,28/07/2021,,,,,,,,,,,,,,,,,
727133,,28/07/2021,,,,,,,,,,,,,,,,,
727134,,28/07/2021,,,,,,,,,,,,,,,,,
727135,,28/07/2021,,,,,,,,,,,,,,,,,
727136,,28/07/2021,,,,,,,,,,,,,,,,,
727137,,28/07/2021,,,,,,,,,,,,,,,,,
727138,,28/07/2021,,,,,,,,,,,,,,,,,
727139,,28/07/2021,,,,,,,,,,,,,,,,,
727140,,28/07/2021,,,,,,,,,,,,,,,,,
727141,,28/07/2021,,,,,,,,,,,,,,,,,
727142,,28/07/2021,,,,,,,,,,,,,,,,,
727143,,28/07/2021,,,,,,,,,,,,,,,,,
727144,,28/07/2021,,,,,,,,,,,,,,,,,
727145,,28/07/2021,,,,,,,,,,,,,,,,,
727146,,28/07/2021,,,,,,,,,,,,,,,,,
727147,,28/07/2021,,,,,,,,,,,,,,,,,
727148,,28/07/2021,,,,,,,,,,,,,,,,,
727149,,28/07/2021,,,,,,,,,,,,,,,,,
727150,,28/07/2021,,,,,,,,,,,,,,,,,
727151,,28/07/2021,,,,,,,,,,,,,,,,,
727152,,28/07/2021,,,,,,,,,,,,,,,,,
727153,,28/07/2021,,,,,,,,,,,,,,,,,
727154,,28/07/2021,,,,,,,,,,,,,,,,,
727155,,28/07/2021,,,,,,,,,,,,,,,,,
727156,,28/07/2021,,,,,,,,,,,,,,,,,
727157,,28/07/2021,,,,,,,,,,,,,,,,,
727158,,28/07/2021,,,,,,,,,,,,,,,,,
727159,,28/07/2021,,,,,,,,,,,,,,,,,
727160,,28/07/2021,,,,,,,,,,,,,,,,,
727161,,28/07/2021,,,,,,,,,,,,,,,,,
727162,,28/07/2021,,,,,,,,,,,,,,,,,
727163,,28/07/2021,,,,,,,,,,,,,,,,,
727164,,28/07/2021,,,,,,,,,,,,,,,,,
727165,,28/07/2021,,,,,,,,,,,,,,,,,
727166,,28/07/2021,,,,,,,,,,,,,,,,,
727167,,28/07/2021,,,,,,,,,,,,,,,,,
727168,,28/07/2021,,,,,,,,,,,,,,,,,
727169,,28/07/2021,,,,,,,,,,,,,,,,,
727170,,28/07/2021,,,,,,,,,,,,,,,,,
727171,,28/07/2021,,,,,,,,,,,,,,,,,
727172,,28/07/2021,,,,,,,,,,,,,,,,,
727173,,28/07/2021,,,,,,,,,,,,,,,,,
727174,,28/07/2021,,,,,,,,,,,,,,,,,
727175,,28/07/2021,,,,,,,,,,,,,,,,,
727176,,28/07/2021,,,,,,,,,,,,,,,,,
727177,,28/07/2021,,,,,,,,,,,,,,,,,
727178,,28/07/2021,,,,,,,,,,,,,,,,,
727179,,28/07/2021,,,,,,,,,,,,,,,,,
727180,,28/07/2021,,,,,,,,,,,,,,,,,
727181,,28/07/2021,,,,,,,,,,,,,,,,,
727182,,28/07/2021,,,,,,,,,,,,,,,,,
727183,,28/07/2021,,,,,,,,,,,,,,,,,
727184,,28/07/2021,,,,,,,,,,,,,,,,,
727185,,28/07/2021,,,,,,,,,,,,,,,,,
727186,,28/07/2021,,,,,,,,,,,,,,,,,
727187,,28/07/2021,,,,,,,,,,,,,,,,,
727188,,28/07/2021,,,,,,,,,,,,,,,,,
727189,,28/07/2021,,,,,,,,,,,,,,,,,
727190,,28/07/2021,,,,,,,,,,,,,,,,,
727191,,28/07/2021,,,,,,,,,,,,,,,,,
727192,,28/07/2021,,,,,,,,,,,,,,,,,
727193,,28/07/2021,,,,,,,,,,,,,,,,,
727194,,28/07/2021,,,,,,,,,,,,,,,,,
727195,,28/07/2021,,,,,,,,,,,,,,,,,
727196,,28/07/2021,,,,,,,,,,,,,,,,,
727197,,28/07/2021,,,,,,,,,,,,,,,,,
727198,,28/07/2021,,,,,,,,,,,,,,,,,
727199,,28/07/2021,,,,,,,,,,,,,,,,,
727200,,28/07/2021,,,,,,,,,,,,,,,,,
727201,,28/07/2021,,,,,,,,,,,,,,,,,
727202,,28/07/2021,,,,,,,,,,,,,,,,,
727203,,28/07/2021,,,,,,,,,,,,,,,,,
727204,,28/07/2021,,,,,,,,,,,,,,,,,
727205,,28/07/2021,,,,,,,,,,,,,,,,,
727206,,28/07/2021,,,,,,,,,,,,,,,,,
727207,,28/07/2021,,,,,,,,,,,,,,,,,
727208,,28/07/2021,,,,,,,,,,,,,,,,,
727209,,28/07/2021,,,,,,,,,,,,,,,,,
727210,,28/07/2021,,,,,,,,,,,,,,,,,
727211,,28/07/2021,,,,,,,,,,,,,,,,,
727212,,28/07/2021,,,,,,,,,,,,,,,,,
727213,,28/07/2021,,,,,,,,,,,,,,,,,
727214,,28/07/2021,,,,,,,,,,,,,,,,,
727215,,28/07/2021,,,,,,,,,,,,,,,,,
727216,,28/07/2021,,,,,,,,,,,,,,,,,
727217,,28/07/2021,,,,,,,,,,,,,,,,,
727218,,28/07/2021,,,,,,,,,,,,,,,,,
727219,,28/07/2021,,,,,,,,,,,,,,,,,
727220,,28/07/2021,,,,,,,,,,,,,,,,,
727221,,28/07/2021,,,,,,,,,,,,,,,,,
727222,,28/07/2021,,,,,,,,,,,,,,,,,
727223,,28/07/2021,,,,,,,,,,,,,,,,,
727224,,28/07/2021,,,,,,,,,,,,,,,,,
727225,,28/07/2021,,,,,,,,,,,,,,,,,
727226,,28/07/2021,,,,,,,,,,,,,,,,,
727227,,28/07/2021,,,,,,,,,,,,,,,,,
727228,,28/07/2021,,,,,,,,,,,,,,,,,
727229,,28/07/2021,,,,,,,,,,,,,,,,,
727230,,28/07/2021,,,,,,,,,,,,,,,,,
727231,,28/07/2021,,,,,,,,,,,,,,,,,
727232,,28/07/2021,,,,,,,,,,,,,,,,,
727233,,28/07/2021,,,,,,,,,,,,,,,,,
727234,,28/07/2021,,,,,,,,,,,,,,,,,
727235,,28/07/2021,,,,,,,,,,,,,,,,,
727236,,28/07/2021,,,,,,,,,,,,,,,,,
727237,,28/07/2021,,,,,,,,,,,,,,,,,
727238,,28/07/2021,,,,,,,,,,,,,,,,,
727239,,28/07/2021,,,,,,,,,,,,,,,,,
727240,,28/07/2021,,,,,,,,,,,,,,,,,
727241,,28/07/2021,,,,,,,,,,,,,,,,,
727242,,28/07/2021,,,,,,,,,,,,,,,,,
727243,,28/07/2021,,,,,,,,,,,,,,,,,
727244,,28/07/2021,,,,,,,,,,,,,,,,,
727245,,28/07/2021,,,,,,,,,,,,,,,,,
727246,,28/07/2021,,,,,,,,,,,,,,,,,
727247,,28/07/2021,,,,,,,,,,,,,,,,,
727248,,28/07/2021,,,,,,,,,,,,,,,,,
727249,,28/07/2021,,,,,,,,,,,,,,,,,
727250,,28/07/2021,,,,,,,,,,,,,,,,,
727251,,28/07/2021,,,,,,,,,,,,,,,,,
727252,,28/07/2021,,,,,,,,,,,,,,,,,
727253,,28/07/2021,,,,,,,,,,,,,,,,,
727254,,28/07/2021,,,,,,,,,,,,,,,,,
727255,,28/07/2021,,,,,,,,,,,,,,,,,
727256,,28/07/2021,,,,,,,,,,,,,,,,,
727257,,28/07/2021,,,,,,,,,,,,,,,,,
727258,,28/07/2021,,,,,,,,,,,,,,,,,
727259,,28/07/2021,,,,,,,,,,,,,,,,,
727260,,28/07/2021,,,,,,,,,,,,,,,,,
727261,,28/07/2021,,,,,,,,,,,,,,,,,
727262,,28/07/2021,,,,,,,,,,,,,,,,,
727263,,28/07/2021,,,,,,,,,,,,,,,,,
727264,,28/07/2021,,,,,,,,,,,,,,,,,
727265,,28/07/2021,,,,,,,,,,,,,,,,,
727266,,28/07/2021,,,,,,,,,,,,,,,,,
727267,,28/07/2021,,,,,,,,,,,,,,,,,
727268,,28/07/2021,,,,,,,,,,,,,,,,,
727269,,28/07/2021,,,,,,,,,,,,,,,,,
727270,,28/07/2021,,,,,,,,,,,,,,,,,
727271,,28/07/2021,,,,,,,,,,,,,,,,,
727272,,28/07/2021,,,,,,,,,,,,,,,,,
727273,,28/07/2021,,,,,,,,,,,,,,,,,
727274,,28/07/2021,,,,,,,,,,,,,,,,,
727275,,28/07/2021,,,,,,,,,,,,,,,,,
727276,,28/07/2021,,,,,,,,,,,,,,,,,
727277,,28/07/2021,,,,,,,,,,,,,,,,,
727278,,28/07/2021,,,,,,,,,,,,,,,,,
727279,,28/07/2021,,,,,,,,,,,,,,,,,
727280,,28/07/2021,,,,,,,,,,,,,,,,,
727281,,28/07/2021,,,,,,,,,,,,,,,,,
727282,,28/07/2021,,,,,,,,,,,,,,,,,
727283,,28/07/2021,,,,,,,,,,,,,,,,,
727284,,28/07/2021,,,,,,,,,,,,,,,,,
727285,,28/07/2021,,,,,,,,,,,,,,,,,
727286,,28/07/2021,,,,,,,,,,,,,,,,,
727287,,28/07/2021,,,,,,,,,,,,,,,,,
727288,,28/07/2021,,,,,,,,,,,,,,,,,
727289,,28/07/2021,,,,,,,,,,,,,,,,,
727290,,28/07/2021,,,,,,,,,,,,,,,,,
727291,,28/07/2021,,,,,,,,,,,,,,,,,
727292,,28/07/2021,,,,,,,,,,,,,,,,,
727293,,28/07/2021,,,,,,,,,,,,,,,,,
727294,,28/07/2021,,,,,,,,,,,,,,,,,
727295,,28/07/2021,,,,,,,,,,,,,,,,,
727296,,28/07/2021,,,,,,,,,,,,,,,,,
727297,,28/07/2021,,,,,,,,,,,,,,,,,
727298,,28/07/2021,,,,,,,,,,,,,,,,,
727299,,28/07/2021,,,,,,,,,,,,,,,,,
727300,,28/07/2021,,,,,,,,,,,,,,,,,
727301,,28/07/2021,,,,,,,,,,,,,,,,,
727302,,28/07/2021,,,,,,,,,,,,,,,,,
727303,,28/07/2021,,,,,,,,,,,,,,,,,
727304,,28/07/2021,,,,,,,,,,,,,,,,,
727305,,28/07/2021,,,,,,,,,,,,,,,,,
727306,,28/07/2021,,,,,,,,,,,,,,,,,
727307,,28/07/2021,,,,,,,,,,,,,,,,,
727308,,28/07/2021,,,,,,,,,,,,,,,,,
727309,,28/07/2021,,,,,,,,,,,,,,,,,
727310,,28/07/2021,,,,,,,,,,,,,,,,,
727311,,28/07/2021,,,,,,,,,,,,,,,,,
727312,,28/07/2021,,,,,,,,,,,,,,,,,
727313,,28/07/2021,,,,,,,,,,,,,,,,,
727314,,28/07/2021,,,,,,,,,,,,,,,,,
727315,,28/07/2021,,,,,,,,,,,,,,,,,
727316,,28/07/2021,,,,,,,,,,,,,,,,,
727317,,28/07/2021,,,,,,,,,,,,,,,,,
727318,,28/07/2021,,,,,,,,,,,,,,,,,
727319,,28/07/2021,,,,,,,,,,,,,,,,,
727320,,28/07/2021,,,,,,,,,,,,,,,,,
727321,,28/07/2021,,,,,,,,,,,,,,,,,
727322,,28/07/2021,,,,,,,,,,,,,,,,,
727323,,28/07/2021,,,,,,,,,,,,,,,,,
727324,,28/07/2021,,,,,,,,,,,,,,,,,
727325,,28/07/2021,,,,,,,,,,,,,,,,,
727326,,28/07/2021,,,,,,,,,,,,,,,,,
727327,,28/07/2021,,,,,,,,,,,,,,,,,
727328,,28/07/2021,,,,,,,,,,,,,,,,,
727329,,28/07/2021,,,,,,,,,,,,,,,,,
727330,,28/07/2021,,,,,,,,,,,,,,,,,
727331,,28/07/2021,,,,,,,,,,,,,,,,,
727332,,28/07/2021,,,,,,,,,,,,,,,,,
727333,,28/07/2021,,,,,,,,,,,,,,,,,
727334,,28/07/2021,,,,,,,,,,,,,,,,,
727335,,28/07/2021,,,,,,,,,,,,,,,,,
727336,,28/07/2021,,,,,,,,,,,,,,,,,
727337,,28/07/2021,,,,,,,,,,,,,,,,,
727338,,28/07/2021,,,,,,,,,,,,,,,,,
727339,,28/07/2021,,,,,,,,,,,,,,,,,
727340,,28/07/2021,,,,,,,,,,,,,,,,,
727341,,28/07/2021,,,,,,,,,,,,,,,,,
727342,,28/07/2021,,,,,,,,,,,,,,,,,
727343,,28/07/2021,,,,,,,,,,,,,,,,,
727344,,28/07/2021,,,,,,,,,,,,,,,,,
727345,,28/07/2021,,,,,,,,,,,,,,,,,
727346,,28/07/2021,,,,,,,,,,,,,,,,,
727347,,28/07/2021,,,,,,,,,,,,,,,,,
727348,,28/07/2021,,,,,,,,,,,,,,,,,
727349,,28/07/2021,,,,,,,,,,,,,,,,,
727350,,28/07/2021,,,,,,,,,,,,,,,,,
727351,,28/07/2021,,,,,,,,,,,,,,,,,
727352,,28/07/2021,,,,,,,,,,,,,,,,,
727353,,28/07/2021,,,,,,,,,,,,,,,,,
727354,,28/07/2021,,,,,,,,,,,,,,,,,
727355,,28/07/2021,,,,,,,,,,,,,,,,,
727356,,28/07/2021,,,,,,,,,,,,,,,,,
727357,,28/07/2021,,,,,,,,,,,,,,,,,
727358,,28/07/2021,,,,,,,,,,,,,,,,,
727359,,28/07/2021,,,,,,,,,,,,,,,,,
727360,,28/07/2021,,,,,,,,,,,,,,,,,
727361,,28/07/2021,,,,,,,,,,,,,,,,,
727362,,28/07/2021,,,,,,,,,,,,,,,,,
727363,,28/07/2021,,,,,,,,,,,,,,,,,
727364,,28/07/2021,,,,,,,,,,,,,,,,,
727365,,28/07/2021,,,,,,,,,,,,,,,,,
727366,,28/07/2021,,,,,,,,,,,,,,,,,
727367,,28/07/2021,,,,,,,,,,,,,,,,,
727368,,28/07/2021,,,,,,,,,,,,,,,,,
727369,,28/07/2021,,,,,,,,,,,,,,,,,
727370,,28/07/2021,,,,,,,,,,,,,,,,,
727371,,28/07/2021,,,,,,,,,,,,,,,,,
727372,,28/07/2021,,,,,,,,,,,,,,,,,
727373,,28/07/2021,,,,,,,,,,,,,,,,,
727374,,28/07/2021,,,,,,,,,,,,,,,,,
727375,,28/07/2021,,,,,,,,,,,,,,,,,
727376,,28/07/2021,,,,,,,,,,,,,,,,,
727377,,28/07/2021,,,,,,,,,,,,,,,,,
727378,,28/07/2021,,,,,,,,,,,,,,,,,
727379,,28/07/2021,,,,,,,,,,,,,,,,,
727380,,28/07/2021,,,,,,,,,,,,,,,,,
727381,,28/07/2021,,,,,,,,,,,,,,,,,
727382,,28/07/2021,,,,,,,,,,,,,,,,,
727383,,28/07/2021,,,,,,,,,,,,,,,,,
727384,,28/07/2021,,,,,,,,,,,,,,,,,
727385,,28/07/2021,,,,,,,,,,,,,,,,,
727386,,28/07/2021,,,,,,,,,,,,,,,,,
727387,,28/07/2021,,,,,,,,,,,,,,,,,
727388,,28/07/2021,,,,,,,,,,,,,,,,,
727389,,28/07/2021,,,,,,,,,,,,,,,,,
727390,,28/07/2021,,,,,,,,,,,,,,,,,
727391,,28/07/2021,,,,,,,,,,,,,,,,,
727392,,28/07/2021,,,,,,,,,,,,,,,,,
727393,,28/07/2021,,,,,,,,,,,,,,,,,
727394,,28/07/2021,,,,,,,,,,,,,,,,,
727395,,28/07/2021,,,,,,,,,,,,,,,,,
727396,,28/07/2021,,,,,,,,,,,,,,,,,
727397,,28/07/2021,,,,,,,,,,,,,,,,,
727398,,28/07/2021,,,,,,,,,,,,,,,,,
727399,,28/07/2021,,,,,,,,,,,,,,,,,
727400,,28/07/2021,,,,,,,,,,,,,,,,,
727401,,28/07/2021,,,,,,,,,,,,,,,,,
727402,,28/07/2021,,,,,,,,,,,,,,,,,
727403,,28/07/2021,,,,,,,,,,,,,,,,,
727404,,28/07/2021,,,,,,,,,,,,,,,,,
727405,,28/07/2021,,,,,,,,,,,,,,,,,
727406,,28/07/2021,,,,,,,,,,,,,,,,,
727407,,28/07/2021,,,,,,,,,,,,,,,,,
727408,,28/07/2021,,,,,,,,,,,,,,,,,
727409,,28/07/2021,,,,,,,,,,,,,,,,,
727410,,28/07/2021,,,,,,,,,,,,,,,,,
727411,,28/07/2021,,,,,,,,,,,,,,,,,
727412,,28/07/2021,,,,,,,,,,,,,,,,,
727413,,28/07/2021,,,,,,,,,,,,,,,,,
727414,,28/07/2021,,,,,,,,,,,,,,,,,
727415,,28/07/2021,,,,,,,,,,,,,,,,,
727416,,28/07/2021,,,,,,,,,,,,,,,,,
727417,,28/07/2021,,,,,,,,,,,,,,,,,
727418,,28/07/2021,,,,,,,,,,,,,,,,,
727419,,28/07/2021,,,,,,,,,,,,,,,,,
727420,,28/07/2021,,,,,,,,,,,,,,,,,
727421,,28/07/2021,,,,,,,,,,,,,,,,,
727422,,28/07/2021,,,,,,,,,,,,,,,,,
727423,,28/07/2021,,,,,,,,,,,,,,,,,
727424,,28/07/2021,,,,,,,,,,,,,,,,,
727425,,28/07/2021,,,,,,,,,,,,,,,,,
727426,,28/07/2021,,,,,,,,,,,,,,,,,
727427,,28/07/2021,,,,,,,,,,,,,,,,,
727428,,28/07/2021,,,,,,,,,,,,,,,,,
727429,,28/07/2021,,,,,,,,,,,,,,,,,
727430,,28/07/2021,,,,,,,,,,,,,,,,,
727431,,28/07/2021,,,,,,,,,,,,,,,,,
727432,,28/07/2021,,,,,,,,,,,,,,,,,
727433,,28/07/2021,,,,,,,,,,,,,,,,,
727434,,28/07/2021,,,,,,,,,,,,,,,,,
727435,,28/07/2021,,,,,,,,,,,,,,,,,
727436,,28/07/2021,,,,,,,,,,,,,,,,,
727437,,28/07/2021,,,,,,,,,,,,,,,,,
727438,,28/07/2021,,,,,,,,,,,,,,,,,
727439,,28/07/2021,,,,,,,,,,,,,,,,,
727440,,28/07/2021,,,,,,,,,,,,,,,,,
727441,,28/07/2021,,,,,,,,,,,,,,,,,
727442,,28/07/2021,,,,,,,,,,,,,,,,,
727443,,28/07/2021,,,,,,,,,,,,,,,,,
727444,,28/07/2021,,,,,,,,,,,,,,,,,
727445,,28/07/2021,,,,,,,,,,,,,,,,,
727446,,28/07/2021,,,,,,,,,,,,,,,,,
727447,,28/07/2021,,,,,,,,,,,,,,,,,
727448,,28/07/2021,,,,,,,,,,,,,,,,,
727449,,28/07/2021,,,,,,,,,,,,,,,,,
727450,,28/07/2021,,,,,,,,,,,,,,,,,
727451,,28/07/2021,,,,,,,,,,,,,,,,,
727452,,28/07/2021,,,,,,,,,,,,,,,,,
727453,,28/07/2021,,,,,,,,,,,,,,,,,
727454,,28/07/2021,,,,,,,,,,,,,,,,,
727455,,28/07/2021,,,,,,,,,,,,,,,,,
727456,,28/07/2021,,,,,,,,,,,,,,,,,
727457,,28/07/2021,,,,,,,,,,,,,,,,,
727458,,28/07/2021,,,,,,,,,,,,,,,,,
727459,,28/07/2021,,,,,,,,,,,,,,,,,
727460,,28/07/2021,,,,,,,,,,,,,,,,,
727461,,28/07/2021,,,,,,,,,,,,,,,,,
727462,,28/07/2021,,,,,,,,,,,,,,,,,
727463,,28/07/2021,,,,,,,,,,,,,,,,,
727464,,28/07/2021,,,,,,,,,,,,,,,,,
727465,,28/07/2021,,,,,,,,,,,,,,,,,
727466,,28/07/2021,,,,,,,,,,,,,,,,,
727467,,28/07/2021,,,,,,,,,,,,,,,,,
727468,,28/07/2021,,,,,,,,,,,,,,,,,
727469,,28/07/2021,,,,,,,,,,,,,,,,,
727470,,28/07/2021,,,,,,,,,,,,,,,,,
727471,,28/07/2021,,,,,,,,,,,,,,,,,
727472,,28/07/2021,,,,,,,,,,,,,,,,,
727473,,28/07/2021,,,,,,,,,,,,,,,,,
727474,,28/07/2021,,,,,,,,,,,,,,,,,
727475,,28/07/2021,,,,,,,,,,,,,,,,,
727476,,28/07/2021,,,,,,,,,,,,,,,,,
727477,,28/07/2021,,,,,,,,,,,,,,,,,
727478,,28/07/2021,,,,,,,,,,,,,,,,,
727479,,28/07/2021,,,,,,,,,,,,,,,,,
727480,,28/07/2021,,,,,,,,,,,,,,,,,
727481,,28/07/2021,,,,,,,,,,,,,,,,,
727482,,28/07/2021,,,,,,,,,,,,,,,,,
727483,,28/07/2021,,,,,,,,,,,,,,,,,
727484,,28/07/2021,,,,,,,,,,,,,,,,,
727485,,28/07/2021,,,,,,,,,,,,,,,,,
727486,,28/07/2021,,,,,,,,,,,,,,,,,
727487,,28/07/2021,,,,,,,,,,,,,,,,,
727488,,28/07/2021,,,,,,,,,,,,,,,,,
727489,,28/07/2021,,,,,,,,,,,,,,,,,
727490,,28/07/2021,,,,,,,,,,,,,,,,,
727491,,28/07/2021,,,,,,,,,,,,,,,,,
727492,,28/07/2021,,,,,,,,,,,,,,,,,
727493,,28/07/2021,,,,,,,,,,,,,,,,,
727494,,28/07/2021,,,,,,,,,,,,,,,,,
727495,,28/07/2021,,,,,,,,,,,,,,,,,
727496,,28/07/2021,,,,,,,,,,,,,,,,,
727497,,28/07/2021,,,,,,,,,,,,,,,,,
727498,,28/07/2021,,,,,,,,,,,,,,,,,
727499,,28/07/2021,,,,,,,,,,,,,,,,,
727500,,28/07/2021,,,,,,,,,,,,,,,,,
727501,,28/07/2021,,,,,,,,,,,,,,,,,
727502,,28/07/2021,,,,,,,,,,,,,,,,,
727503,,28/07/2021,,,,,,,,,,,,,,,,,
727504,,28/07/2021,,,,,,,,,,,,,,,,,
727505,,28/07/2021,,,,,,,,,,,,,,,,,
727506,,28/07/2021,,,,,,,,,,,,,,,,,
727507,,28/07/2021,,,,,,,,,,,,,,,,,
727508,,28/07/2021,,,,,,,,,,,,,,,,,
727509,,28/07/2021,,,,,,,,,,,,,,,,,
727510,,28/07/2021,,,,,,,,,,,,,,,,,
727511,,28/07/2021,,,,,,,,,,,,,,,,,
727512,,28/07/2021,,,,,,,,,,,,,,,,,
727513,,28/07/2021,,,,,,,,,,,,,,,,,
727514,,28/07/2021,,,,,,,,,,,,,,,,,
727515,,28/07/2021,,,,,,,,,,,,,,,,,
727516,,28/07/2021,,,,,,,,,,,,,,,,,
727517,,28/07/2021,,,,,,,,,,,,,,,,,
727518,,28/07/2021,,,,,,,,,,,,,,,,,
727519,,28/07/2021,,,,,,,,,,,,,,,,,
727520,,28/07/2021,,,,,,,,,,,,,,,,,
727521,,28/07/2021,,,,,,,,,,,,,,,,,
727522,,28/07/2021,,,,,,,,,,,,,,,,,
727523,,28/07/2021,,,,,,,,,,,,,,,,,
727524,,28/07/2021,,,,,,,,,,,,,,,,,
727525,,28/07/2021,,,,,,,,,,,,,,,,,
727526,,28/07/2021,,,,,,,,,,,,,,,,,
727527,,28/07/2021,,,,,,,,,,,,,,,,,
727528,,28/07/2021,,,,,,,,,,,,,,,,,
727529,,28/07/2021,,,,,,,,,,,,,,,,,
727530,,28/07/2021,,,,,,,,,,,,,,,,,
727531,,28/07/2021,,,,,,,,,,,,,,,,,
727532,,28/07/2021,,,,,,,,,,,,,,,,,
727533,,28/07/2021,,,,,,,,,,,,,,,,,
727534,,28/07/2021,,,,,,,,,,,,,,,,,
727535,,28/07/2021,,,,,,,,,,,,,,,,,
727536,,28/07/2021,,,,,,,,,,,,,,,,,
727537,,28/07/2021,,,,,,,,,,,,,,,,,
727538,,28/07/2021,,,,,,,,,,,,,,,,,
727539,,28/07/2021,,,,,,,,,,,,,,,,,
727540,,28/07/2021,,,,,,,,,,,,,,,,,
727541,,28/07/2021,,,,,,,,,,,,,,,,,
727542,,28/07/2021,,,,,,,,,,,,,,,,,
727543,,28/07/2021,,,,,,,,,,,,,,,,,
727544,,28/07/2021,,,,,,,,,,,,,,,,,
727545,,28/07/2021,,,,,,,,,,,,,,,,,
727546,,28/07/2021,,,,,,,,,,,,,,,,,
727547,,28/07/2021,,,,,,,,,,,,,,,,,
727548,,28/07/2021,,,,,,,,,,,,,,,,,
727549,,28/07/2021,,,,,,,,,,,,,,,,,
727550,,28/07/2021,,,,,,,,,,,,,,,,,
727551,,28/07/2021,,,,,,,,,,,,,,,,,
727552,,28/07/2021,,,,,,,,,,,,,,,,,
727553,,28/07/2021,,,,,,,,,,,,,,,,,
727554,,28/07/2021,,,,,,,,,,,,,,,,,
727555,,28/07/2021,,,,,,,,,,,,,,,,,
727556,,28/07/2021,,,,,,,,,,,,,,,,,
727557,,28/07/2021,,,,,,,,,,,,,,,,,
727558,,28/07/2021,,,,,,,,,,,,,,,,,
727559,,28/07/2021,,,,,,,,,,,,,,,,,
727560,,28/07/2021,,,,,,,,,,,,,,,,,
727561,,28/07/2021,,,,,,,,,,,,,,,,,
727562,,28/07/2021,,,,,,,,,,,,,,,,,
727563,,28/07/2021,,,,,,,,,,,,,,,,,
727564,,28/07/2021,,,,,,,,,,,,,,,,,
727565,,28/07/2021,,,,,,,,,,,,,,,,,
727566,,28/07/2021,,,,,,,,,,,,,,,,,
727567,,28/07/2021,,,,,,,,,,,,,,,,,
727568,,28/07/2021,,,,,,,,,,,,,,,,,
727569,,28/07/2021,,,,,,,,,,,,,,,,,
727570,,28/07/2021,,,,,,,,,,,,,,,,,
727571,,28/07/2021,,,,,,,,,,,,,,,,,
727572,,28/07/2021,,,,,,,,,,,,,,,,,
727573,,28/07/2021,,,,,,,,,,,,,,,,,
727574,,28/07/2021,,,,,,,,,,,,,,,,,
727575,,28/07/2021,,,,,,,,,,,,,,,,,
727576,,28/07/2021,,,,,,,,,,,,,,,,,
727577,,28/07/2021,,,,,,,,,,,,,,,,,
727578,,28/07/2021,,,,,,,,,,,,,,,,,
727579,,28/07/2021,,,,,,,,,,,,,,,,,
727580,,28/07/2021,,,,,,,,,,,,,,,,,
727581,,28/07/2021,,,,,,,,,,,,,,,,,
727582,,28/07/2021,,,,,,,,,,,,,,,,,
727583,,28/07/2021,,,,,,,,,,,,,,,,,
727584,,28/07/2021,,,,,,,,,,,,,,,,,
727585,,28/07/2021,,,,,,,,,,,,,,,,,
727586,,28/07/2021,,,,,,,,,,,,,,,,,
727587,,28/07/2021,,,,,,,,,,,,,,,,,
727588,,28/07/2021,,,,,,,,,,,,,,,,,
727589,,28/07/2021,,,,,,,,,,,,,,,,,
727590,,28/07/2021,,,,,,,,,,,,,,,,,
727591,,28/07/2021,,,,,,,,,,,,,,,,,
727592,,28/07/2021,,,,,,,,,,,,,,,,,
727593,,28/07/2021,,,,,,,,,,,,,,,,,
727594,,28/07/2021,,,,,,,,,,,,,,,,,
727595,,28/07/2021,,,,,,,,,,,,,,,,,
727596,,28/07/2021,,,,,,,,,,,,,,,,,
727597,,28/07/2021,,,,,,,,,,,,,,,,,
727598,,28/07/2021,,,,,,,,,,,,,,,,,
727599,,28/07/2021,,,,,,,,,,,,,,,,,
727600,,28/07/2021,,,,,,,,,,,,,,,,,
727601,,28/07/2021,,,,,,,,,,,,,,,,,
727602,,28/07/2021,,,,,,,,,,,,,,,,,
727603,,28/07/2021,,,,,,,,,,,,,,,,,
727604,,28/07/2021,,,,,,,,,,,,,,,,,
727605,,28/07/2021,,,,,,,,,,,,,,,,,
727606,,28/07/2021,,,,,,,,,,,,,,,,,
727607,,28/07/2021,,,,,,,,,,,,,,,,,
727608,,28/07/2021,,,,,,,,,,,,,,,,,
727609,,28/07/2021,,,,,,,,,,,,,,,,,
727610,,28/07/2021,,,,,,,,,,,,,,,,,
727611,,28/07/2021,,,,,,,,,,,,,,,,,
727612,,28/07/2021,,,,,,,,,,,,,,,,,
727613,,28/07/2021,,,,,,,,,,,,,,,,,
727614,,28/07/2021,,,,,,,,,,,,,,,,,
727615,,28/07/2021,,,,,,,,,,,,,,,,,
727616,,28/07/2021,,,,,,,,,,,,,,,,,
727617,,28/07/2021,,,,,,,,,,,,,,,,,
727618,,28/07/2021,,,,,,,,,,,,,,,,,
727619,,28/07/2021,,,,,,,,,,,,,,,,,
727620,,28/07/2021,,,,,,,,,,,,,,,,,
727621,,28/07/2021,,,,,,,,,,,,,,,,,
727622,,28/07/2021,,,,,,,,,,,,,,,,,
727623,,28/07/2021,,,,,,,,,,,,,,,,,
727624,,28/07/2021,,,,,,,,,,,,,,,,,
727625,,28/07/2021,,,,,,,,,,,,,,,,,
727626,,28/07/2021,,,,,,,,,,,,,,,,,
727627,,28/07/2021,,,,,,,,,,,,,,,,,
727628,,28/07/2021,,,,,,,,,,,,,,,,,
727629,,28/07/2021,,,,,,,,,,,,,,,,,
727630,,28/07/2021,,,,,,,,,,,,,,,,,
727631,,28/07/2021,,,,,,,,,,,,,,,,,
727632,,28/07/2021,,,,,,,,,,,,,,,,,
727633,,28/07/2021,,,,,,,,,,,,,,,,,
727634,,28/07/2021,,,,,,,,,,,,,,,,,
727635,,28/07/2021,,,,,,,,,,,,,,,,,
727636,,28/07/2021,,,,,,,,,,,,,,,,,
727637,,28/07/2021,,,,,,,,,,,,,,,,,
727638,,28/07/2021,,,,,,,,,,,,,,,,,
727639,,28/07/2021,,,,,,,,,,,,,,,,,
727640,,28/07/2021,,,,,,,,,,,,,,,,,
727641,,28/07/2021,,,,,,,,,,,,,,,,,
727642,,28/07/2021,,,,,,,,,,,,,,,,,
727643,,28/07/2021,,,,,,,,,,,,,,,,,
727644,,28/07/2021,,,,,,,,,,,,,,,,,
727645,,28/07/2021,,,,,,,,,,,,,,,,,
727646,,28/07/2021,,,,,,,,,,,,,,,,,
727647,,28/07/2021,,,,,,,,,,,,,,,,,
727648,,28/07/2021,,,,,,,,,,,,,,,,,
727649,,28/07/2021,,,,,,,,,,,,,,,,,
727650,,28/07/2021,,,,,,,,,,,,,,,,,
727651,,28/07/2021,,,,,,,,,,,,,,,,,
727652,,28/07/2021,,,,,,,,,,,,,,,,,
727653,,28/07/2021,,,,,,,,,,,,,,,,,
727654,,28/07/2021,,,,,,,,,,,,,,,,,
727655,,28/07/2021,,,,,,,,,,,,,,,,,
727656,,28/07/2021,,,,,,,,,,,,,,,,,
727657,,28/07/2021,,,,,,,,,,,,,,,,,
727658,,28/07/2021,,,,,,,,,,,,,,,,,
727659,,28/07/2021,,,,,,,,,,,,,,,,,
727660,,28/07/2021,,,,,,,,,,,,,,,,,
727661,,28/07/2021,,,,,,,,,,,,,,,,,
727662,,28/07/2021,,,,,,,,,,,,,,,,,
727663,,28/07/2021,,,,,,,,,,,,,,,,,
727664,,28/07/2021,,,,,,,,,,,,,,,,,
727665,,28/07/2021,,,,,,,,,,,,,,,,,
727666,,28/07/2021,,,,,,,,,,,,,,,,,
727667,,28/07/2021,,,,,,,,,,,,,,,,,
727668,,28/07/2021,,,,,,,,,,,,,,,,,
727669,,28/07/2021,,,,,,,,,,,,,,,,,
727670,,28/07/2021,,,,,,,,,,,,,,,,,
727671,,28/07/2021,,,,,,,,,,,,,,,,,
727672,,28/07/2021,,,,,,,,,,,,,,,,,
727673,,28/07/2021,,,,,,,,,,,,,,,,,
727674,,28/07/2021,,,,,,,,,,,,,,,,,
727675,,28/07/2021,,,,,,,,,,,,,,,,,
727676,,28/07/2021,,,,,,,,,,,,,,,,,
727677,,28/07/2021,,,,,,,,,,,,,,,,,
727678,,28/07/2021,,,,,,,,,,,,,,,,,
727679,,28/07/2021,,,,,,,,,,,,,,,,,
727680,,28/07/2021,,,,,,,,,,,,,,,,,
727681,,28/07/2021,,,,,,,,,,,,,,,,,
727682,,28/07/2021,,,,,,,,,,,,,,,,,
727683,,28/07/2021,,,,,,,,,,,,,,,,,
727684,,28/07/2021,,,,,,,,,,,,,,,,,
727685,,28/07/2021,,,,,,,,,,,,,,,,,
727686,,28/07/2021,,,,,,,,,,,,,,,,,
727687,,28/07/2021,,,,,,,,,,,,,,,,,
727688,,28/07/2021,,,,,,,,,,,,,,,,,
727689,,28/07/2021,,,,,,,,,,,,,,,,,
727690,,28/07/2021,,,,,,,,,,,,,,,,,
727691,,28/07/2021,,,,,,,,,,,,,,,,,
727692,,28/07/2021,,,,,,,,,,,,,,,,,
727693,,28/07/2021,,,,,,,,,,,,,,,,,
727694,,28/07/2021,,,,,,,,,,,,,,,,,
727695,,28/07/2021,,,,,,,,,,,,,,,,,
727696,,28/07/2021,,,,,,,,,,,,,,,,,
727697,,28/07/2021,,,,,,,,,,,,,,,,,
727698,,28/07/2021,,,,,,,,,,,,,,,,,
727699,,28/07/2021,,,,,,,,,,,,,,,,,
727700,,28/07/2021,,,,,,,,,,,,,,,,,
727701,,28/07/2021,,,,,,,,,,,,,,,,,
727702,,28/07/2021,,,,,,,,,,,,,,,,,
727703,,28/07/2021,,,,,,,,,,,,,,,,,
727704,,28/07/2021,,,,,,,,,,,,,,,,,
727705,,28/07/2021,,,,,,,,,,,,,,,,,
727706,,28/07/2021,,,,,,,,,,,,,,,,,
727707,,28/07/2021,,,,,,,,,,,,,,,,,
727708,,28/07/2021,,,,,,,,,,,,,,,,,
727709,,28/07/2021,,,,,,,,,,,,,,,,,
727710,,28/07/2021,,,,,,,,,,,,,,,,,
727711,,28/07/2021,,,,,,,,,,,,,,,,,
727712,,28/07/2021,,,,,,,,,,,,,,,,,
727713,,28/07/2021,,,,,,,,,,,,,,,,,
727714,,28/07/2021,,,,,,,,,,,,,,,,,
727715,,28/07/2021,,,,,,,,,,,,,,,,,
727716,,28/07/2021,,,,,,,,,,,,,,,,,
727717,,28/07/2021,,,,,,,,,,,,,,,,,
727718,,28/07/2021,,,,,,,,,,,,,,,,,
727719,,28/07/2021,,,,,,,,,,,,,,,,,
727720,,28/07/2021,,,,,,,,,,,,,,,,,
727721,,28/07/2021,,,,,,,,,,,,,,,,,
727722,,28/07/2021,,,,,,,,,,,,,,,,,
727723,,28/07/2021,,,,,,,,,,,,,,,,,
727724,,28/07/2021,,,,,,,,,,,,,,,,,
727725,,28/07/2021,,,,,,,,,,,,,,,,,
727726,,28/07/2021,,,,,,,,,,,,,,,,,
727727,,28/07/2021,,,,,,,,,,,,,,,,,
727728,,28/07/2021,,,,,,,,,,,,,,,,,
727729,,28/07/2021,,,,,,,,,,,,,,,,,
727730,,28/07/2021,,,,,,,,,,,,,,,,,
727731,,28/07/2021,,,,,,,,,,,,,,,,,
727732,,28/07/2021,,,,,,,,,,,,,,,,,
727733,,28/07/2021,,,,,,,,,,,,,,,,,
727734,,28/07/2021,,,,,,,,,,,,,,,,,
727735,,28/07/2021,,,,,,,,,,,,,,,,,
727736,,28/07/2021,,,,,,,,,,,,,,,,,
727737,,28/07/2021,,,,,,,,,,,,,,,,,
727738,,28/07/2021,,,,,,,,,,,,,,,,,
727739,,28/07/2021,,,,,,,,,,,,,,,,,
727740,,28/07/2021,,,,,,,,,,,,,,,,,
727741,,28/07/2021,,,,,,,,,,,,,,,,,
727742,,28/07/2021,,,,,,,,,,,,,,,,,
727743,,28/07/2021,,,,,,,,,,,,,,,,,
727744,,28/07/2021,,,,,,,,,,,,,,,,,
727745,,28/07/2021,,,,,,,,,,,,,,,,,
727746,,28/07/2021,,,,,,,,,,,,,,,,,
727747,,28/07/2021,,,,,,,,,,,,,,,,,
727748,,28/07/2021,,,,,,,,,,,,,,,,,
727749,,28/07/2021,,,,,,,,,,,,,,,,,
727750,,28/07/2021,,,,,,,,,,,,,,,,,
727751,,28/07/2021,,,,,,,,,,,,,,,,,
727752,,28/07/2021,,,,,,,,,,,,,,,,,
727753,,28/07/2021,,,,,,,,,,,,,,,,,
727754,,28/07/2021,,,,,,,,,,,,,,,,,
727755,,28/07/2021,,,,,,,,,,,,,,,,,
727756,,28/07/2021,,,,,,,,,,,,,,,,,
727757,,28/07/2021,,,,,,,,,,,,,,,,,
727758,,28/07/2021,,,,,,,,,,,,,,,,,
727759,,28/07/2021,,,,,,,,,,,,,,,,,
727760,,28/07/2021,,,,,,,,,,,,,,,,,
727761,,28/07/2021,,,,,,,,,,,,,,,,,
727762,,28/07/2021,,,,,,,,,,,,,,,,,
727763,,28/07/2021,,,,,,,,,,,,,,,,,
727764,,28/07/2021,,,,,,,,,,,,,,,,,
727765,,28/07/2021,,,,,,,,,,,,,,,,,
727766,,28/07/2021,,,,,,,,,,,,,,,,,
727767,,28/07/2021,,,,,,,,,,,,,,,,,
727768,,28/07/2021,,,,,,,,,,,,,,,,,
727769,,28/07/2021,,,,,,,,,,,,,,,,,
727770,,28/07/2021,,,,,,,,,,,,,,,,,
727771,,28/07/2021,,,,,,,,,,,,,,,,,
727772,,28/07/2021,,,,,,,,,,,,,,,,,
727773,,28/07/2021,,,,,,,,,,,,,,,,,
727774,,28/07/2021,,,,,,,,,,,,,,,,,
727775,,28/07/2021,,,,,,,,,,,,,,,,,
727776,,28/07/2021,,,,,,,,,,,,,,,,,
727777,,28/07/2021,,,,,,,,,,,,,,,,,
727778,,28/07/2021,,,,,,,,,,,,,,,,,
727779,,28/07/2021,,,,,,,,,,,,,,,,,
727780,,28/07/2021,,,,,,,,,,,,,,,,,
727781,,28/07/2021,,,,,,,,,,,,,,,,,
727782,,28/07/2021,,,,,,,,,,,,,,,,,
727783,,28/07/2021,,,,,,,,,,,,,,,,,
727784,,28/07/2021,,,,,,,,,,,,,,,,,
727785,,28/07/2021,,,,,,,,,,,,,,,,,
727786,,28/07/2021,,,,,,,,,,,,,,,,,
727787,,28/07/2021,,,,,,,,,,,,,,,,,
727788,,28/07/2021,,,,,,,,,,,,,,,,,
727789,,28/07/2021,,,,,,,,,,,,,,,,,
727790,,28/07/2021,,,,,,,,,,,,,,,,,
727791,,28/07/2021,,,,,,,,,,,,,,,,,
727792,,28/07/2021,,,,,,,,,,,,,,,,,
727793,,28/07/2021,,,,,,,,,,,,,,,,,
727794,,28/07/2021,,,,,,,,,,,,,,,,,
727795,,28/07/2021,,,,,,,,,,,,,,,,,
727796,,28/07/2021,,,,,,,,,,,,,,,,,
727797,,28/07/2021,,,,,,,,,,,,,,,,,
727798,,28/07/2021,,,,,,,,,,,,,,,,,
727799,,28/07/2021,,,,,,,,,,,,,,,,,
727800,,28/07/2021,,,,,,,,,,,,,,,,,
727801,,28/07/2021,,,,,,,,,,,,,,,,,
727802,,28/07/2021,,,,,,,,,,,,,,,,,
727803,,28/07/2021,,,,,,,,,,,,,,,,,
727804,,28/07/2021,,,,,,,,,,,,,,,,,
727805,,28/07/2021,,,,,,,,,,,,,,,,,
727806,,28/07/2021,,,,,,,,,,,,,,,,,
727807,,28/07/2021,,,,,,,,,,,,,,,,,
727808,,28/07/2021,,,,,,,,,,,,,,,,,
727809,,28/07/2021,,,,,,,,,,,,,,,,,
727810,,28/07/2021,,,,,,,,,,,,,,,,,
727811,,28/07/2021,,,,,,,,,,,,,,,,,
727812,,28/07/2021,,,,,,,,,,,,,,,,,
727813,,28/07/2021,,,,,,,,,,,,,,,,,
727814,,28/07/2021,,,,,,,,,,,,,,,,,
727815,,28/07/2021,,,,,,,,,,,,,,,,,
727816,,28/07/2021,,,,,,,,,,,,,,,,,
727817,,28/07/2021,,,,,,,,,,,,,,,,,
727818,,28/07/2021,,,,,,,,,,,,,,,,,
727819,,28/07/2021,,,,,,,,,,,,,,,,,
727820,,28/07/2021,,,,,,,,,,,,,,,,,
727821,,28/07/2021,,,,,,,,,,,,,,,,,
727822,,28/07/2021,,,,,,,,,,,,,,,,,
727823,,28/07/2021,,,,,,,,,,,,,,,,,
727824,,28/07/2021,,,,,,,,,,,,,,,,,
727825,,28/07/2021,,,,,,,,,,,,,,,,,
727826,,28/07/2021,,,,,,,,,,,,,,,,,
727827,,28/07/2021,,,,,,,,,,,,,,,,,
727828,,28/07/2021,,,,,,,,,,,,,,,,,
727829,,28/07/2021,,,,,,,,,,,,,,,,,
727830,,28/07/2021,,,,,,,,,,,,,,,,,
727831,,28/07/2021,,,,,,,,,,,,,,,,,
727832,,28/07/2021,,,,,,,,,,,,,,,,,
727833,,28/07/2021,,,,,,,,,,,,,,,,,
727834,,28/07/2021,,,,,,,,,,,,,,,,,
727835,,28/07/2021,,,,,,,,,,,,,,,,,
727836,,28/07/2021,,,,,,,,,,,,,,,,,
727837,,28/07/2021,,,,,,,,,,,,,,,,,
727838,,28/07/2021,,,,,,,,,,,,,,,,,
727839,,28/07/2021,,,,,,,,,,,,,,,,,
727840,,28/07/2021,,,,,,,,,,,,,,,,,
727841,,28/07/2021,,,,,,,,,,,,,,,,,
727842,,28/07/2021,,,,,,,,,,,,,,,,,
727843,,28/07/2021,,,,,,,,,,,,,,,,,
727844,,28/07/2021,,,,,,,,,,,,,,,,,
727845,,28/07/2021,,,,,,,,,,,,,,,,,
727846,,28/07/2021,,,,,,,,,,,,,,,,,
727847,,28/07/2021,,,,,,,,,,,,,,,,,
727848,,28/07/2021,,,,,,,,,,,,,,,,,
727849,,28/07/2021,,,,,,,,,,,,,,,,,
727850,,28/07/2021,,,,,,,,,,,,,,,,,
727851,,28/07/2021,,,,,,,,,,,,,,,,,
727852,,28/07/2021,,,,,,,,,,,,,,,,,
727853,,28/07/2021,,,,,,,,,,,,,,,,,
727854,,28/07/2021,,,,,,,,,,,,,,,,,
727855,,28/07/2021,,,,,,,,,,,,,,,,,
727856,,28/07/2021,,,,,,,,,,,,,,,,,
727857,,28/07/2021,,,,,,,,,,,,,,,,,
727858,,28/07/2021,,,,,,,,,,,,,,,,,
727859,,28/07/2021,,,,,,,,,,,,,,,,,
727860,,28/07/2021,,,,,,,,,,,,,,,,,
727861,,28/07/2021,,,,,,,,,,,,,,,,,
727862,,28/07/2021,,,,,,,,,,,,,,,,,
727863,,28/07/2021,,,,,,,,,,,,,,,,,
727864,,28/07/2021,,,,,,,,,,,,,,,,,
727865,,28/07/2021,,,,,,,,,,,,,,,,,
727866,,28/07/2021,,,,,,,,,,,,,,,,,
727867,,28/07/2021,,,,,,,,,,,,,,,,,
727868,,28/07/2021,,,,,,,,,,,,,,,,,
727869,,28/07/2021,,,,,,,,,,,,,,,,,
727870,,28/07/2021,,,,,,,,,,,,,,,,,
727871,,28/07/2021,,,,,,,,,,,,,,,,,
727872,,28/07/2021,,,,,,,,,,,,,,,,,
727873,,28/07/2021,,,,,,,,,,,,,,,,,
727874,,28/07/2021,,,,,,,,,,,,,,,,,
727875,,28/07/2021,,,,,,,,,,,,,,,,,
727876,,28/07/2021,,,,,,,,,,,,,,,,,
727877,,28/07/2021,,,,,,,,,,,,,,,,,
727878,,28/07/2021,,,,,,,,,,,,,,,,,
727879,,28/07/2021,,,,,,,,,,,,,,,,,
727880,,28/07/2021,,,,,,,,,,,,,,,,,
727881,,28/07/2021,,,,,,,,,,,,,,,,,
727882,,28/07/2021,,,,,,,,,,,,,,,,,
727883,,28/07/2021,,,,,,,,,,,,,,,,,
727884,,28/07/2021,,,,,,,,,,,,,,,,,
727885,,28/07/2021,,,,,,,,,,,,,,,,,
727886,,28/07/2021,,,,,,,,,,,,,,,,,
727887,,28/07/2021,,,,,,,,,,,,,,,,,
727888,,28/07/2021,,,,,,,,,,,,,,,,,
727889,,28/07/2021,,,,,,,,,,,,,,,,,
727890,,28/07/2021,,,,,,,,,,,,,,,,,
727891,,28/07/2021,,,,,,,,,,,,,,,,,
727892,,28/07/2021,,,,,,,,,,,,,,,,,
727893,,28/07/2021,,,,,,,,,,,,,,,,,
727894,,28/07/2021,,,,,,,,,,,,,,,,,
727895,,28/07/2021,,,,,,,,,,,,,,,,,
727896,,28/07/2021,,,,,,,,,,,,,,,,,
727897,,28/07/2021,,,,,,,,,,,,,,,,,
727898,,28/07/2021,,,,,,,,,,,,,,,,,
727899,,28/07/2021,,,,,,,,,,,,,,,,,
727900,,28/07/2021,,,,,,,,,,,,,,,,,
727901,,28/07/2021,,,,,,,,,,,,,,,,,
727902,,28/07/2021,,,,,,,,,,,,,,,,,
727903,,28/07/2021,,,,,,,,,,,,,,,,,
727904,,28/07/2021,,,,,,,,,,,,,,,,,
727905,,28/07/2021,,,,,,,,,,,,,,,,,
727906,,28/07/2021,,,,,,,,,,,,,,,,,
727907,,28/07/2021,,,,,,,,,,,,,,,,,
727908,,28/07/2021,,,,,,,,,,,,,,,,,
727909,,28/07/2021,,,,,,,,,,,,,,,,,
727910,,28/07/2021,,,,,,,,,,,,,,,,,
727911,,28/07/2021,,,,,,,,,,,,,,,,,
727912,,28/07/2021,,,,,,,,,,,,,,,,,
727913,,28/07/2021,,,,,,,,,,,,,,,,,
727914,,28/07/2021,,,,,,,,,,,,,,,,,
727915,,28/07/2021,,,,,,,,,,,,,,,,,
727916,,28/07/2021,,,,,,,,,,,,,,,,,
727917,,28/07/2021,,,,,,,,,,,,,,,,,
727918,,28/07/2021,,,,,,,,,,,,,,,,,
727919,,28/07/2021,,,,,,,,,,,,,,,,,
727920,,28/07/2021,,,,,,,,,,,,,,,,,
727921,,28/07/2021,,,,,,,,,,,,,,,,,
727922,,28/07/2021,,,,,,,,,,,,,,,,,
727923,,28/07/2021,,,,,,,,,,,,,,,,,
727924,,28/07/2021,,,,,,,,,,,,,,,,,
727925,,28/07/2021,,,,,,,,,,,,,,,,,
727926,,28/07/2021,,,,,,,,,,,,,,,,,
727927,,28/07/2021,,,,,,,,,,,,,,,,,
727928,,28/07/2021,,,,,,,,,,,,,,,,,
727929,,28/07/2021,,,,,,,,,,,,,,,,,
727930,,28/07/2021,,,,,,,,,,,,,,,,,
727931,,28/07/2021,,,,,,,,,,,,,,,,,
727932,,28/07/2021,,,,,,,,,,,,,,,,,
727933,,28/07/2021,,,,,,,,,,,,,,,,,
727934,,28/07/2021,,,,,,,,,,,,,,,,,
727935,,28/07/2021,,,,,,,,,,,,,,,,,
727936,,28/07/2021,,,,,,,,,,,,,,,,,
727937,,28/07/2021,,,,,,,,,,,,,,,,,
727938,,28/07/2021,,,,,,,,,,,,,,,,,
727939,,28/07/2021,,,,,,,,,,,,,,,,,
727940,,28/07/2021,,,,,,,,,,,,,,,,,
727941,,28/07/2021,,,,,,,,,,,,,,,,,
727942,,28/07/2021,,,,,,,,,,,,,,,,,
727943,,28/07/2021,,,,,,,,,,,,,,,,,
727944,,28/07/2021,,,,,,,,,,,,,,,,,
727945,,28/07/2021,,,,,,,,,,,,,,,,,
727946,,28/07/2021,,,,,,,,,,,,,,,,,
727947,,28/07/2021,,,,,,,,,,,,,,,,,
727948,,28/07/2021,,,,,,,,,,,,,,,,,
727949,,28/07/2021,,,,,,,,,,,,,,,,,
727950,,28/07/2021,,,,,,,,,,,,,,,,,
727951,,28/07/2021,,,,,,,,,,,,,,,,,
727952,,28/07/2021,,,,,,,,,,,,,,,,,
727953,,28/07/2021,,,,,,,,,,,,,,,,,
727954,,28/07/2021,,,,,,,,,,,,,,,,,
727955,,28/07/2021,,,,,,,,,,,,,,,,,
727956,,28/07/2021,,,,,,,,,,,,,,,,,
727957,,28/07/2021,,,,,,,,,,,,,,,,,
727958,,28/07/2021,,,,,,,,,,,,,,,,,
727959,,28/07/2021,,,,,,,,,,,,,,,,,
727960,,28/07/2021,,,,,,,,,,,,,,,,,
727961,,28/07/2021,,,,,,,,,,,,,,,,,
727962,,28/07/2021,,,,,,,,,,,,,,,,,
727963,,28/07/2021,,,,,,,,,,,,,,,,,
727964,,28/07/2021,,,,,,,,,,,,,,,,,
727965,,28/07/2021,,,,,,,,,,,,,,,,,
727966,,28/07/2021,,,,,,,,,,,,,,,,,
727967,,28/07/2021,,,,,,,,,,,,,,,,,
727968,,28/07/2021,,,,,,,,,,,,,,,,,
727969,,28/07/2021,,,,,,,,,,,,,,,,,
727970,,28/07/2021,,,,,,,,,,,,,,,,,
727971,,28/07/2021,,,,,,,,,,,,,,,,,
727972,,28/07/2021,,,,,,,,,,,,,,,,,